CREATE DATABASE  IF NOT EXISTS `ticketservicedb` /*!40100 DEFAULT CHARACTER SET utf8 */;
USE `ticketservicedb`;
-- MySQL dump 10.13  Distrib 5.7.9, for Win64 (x86_64)
--
-- Host: localhost    Database: ticketservicedb
-- ------------------------------------------------------
-- Server version	5.7.11-log

/*!40101 SET @OLD_CHARACTER_SET_CLIENT=@@CHARACTER_SET_CLIENT */;
/*!40101 SET @OLD_CHARACTER_SET_RESULTS=@@CHARACTER_SET_RESULTS */;
/*!40101 SET @OLD_COLLATION_CONNECTION=@@COLLATION_CONNECTION */;
/*!40101 SET NAMES utf8 */;
/*!40103 SET @OLD_TIME_ZONE=@@TIME_ZONE */;
/*!40103 SET TIME_ZONE='+00:00' */;
/*!40014 SET @OLD_UNIQUE_CHECKS=@@UNIQUE_CHECKS, UNIQUE_CHECKS=0 */;
/*!40014 SET @OLD_FOREIGN_KEY_CHECKS=@@FOREIGN_KEY_CHECKS, FOREIGN_KEY_CHECKS=0 */;
/*!40101 SET @OLD_SQL_MODE=@@SQL_MODE, SQL_MODE='NO_AUTO_VALUE_ON_ZERO' */;
/*!40111 SET @OLD_SQL_NOTES=@@SQL_NOTES, SQL_NOTES=0 */;

--
-- Table structure for table `customer`
--

DROP TABLE IF EXISTS `customer`;
/*!40101 SET @saved_cs_client     = @@character_set_client */;
/*!40101 SET character_set_client = utf8 */;
CREATE TABLE `customer` (
  `custId` int(11) NOT NULL AUTO_INCREMENT,
  `email` varchar(255) NOT NULL,
  `firstName` varchar(255) DEFAULT NULL,
  `lastName` varchar(255) DEFAULT NULL,
  PRIMARY KEY (`custId`),
  UNIQUE KEY `UK_cd265a1effd0493caeca1540a35` (`email`)
) ENGINE=InnoDB AUTO_INCREMENT=4 DEFAULT CHARSET=utf8;
/*!40101 SET character_set_client = @saved_cs_client */;

--
-- Dumping data for table `customer`
--

LOCK TABLES `customer` WRITE;
/*!40000 ALTER TABLE `customer` DISABLE KEYS */;
INSERT INTO `customer` VALUES (1,'tinbit.hirutu@gmail.com','Tinbit','Hirutu'),(2,'jhon.smith@gmail.com','Jhon','Smith'),(3,'mary.don@gmail.com','Mary','Don');
/*!40000 ALTER TABLE `customer` ENABLE KEYS */;
UNLOCK TABLES;

--
-- Table structure for table `seat`
--

DROP TABLE IF EXISTS `seat`;
/*!40101 SET @saved_cs_client     = @@character_set_client */;
/*!40101 SET character_set_client = utf8 */;
CREATE TABLE `seat` (
  `seatId` int(11) NOT NULL AUTO_INCREMENT,
  `seatNum` int(11) DEFAULT NULL,
  `venuId` int(11) DEFAULT NULL,
  PRIMARY KEY (`seatId`),
  KEY `FK_e7c590f361c243238cf264d27ad` (`venuId`),
  CONSTRAINT `FK_e7c590f361c243238cf264d27ad` FOREIGN KEY (`venuId`) REFERENCES `venue` (`venueId`)
) ENGINE=InnoDB AUTO_INCREMENT=13751 DEFAULT CHARSET=utf8;
/*!40101 SET character_set_client = @saved_cs_client */;

--
-- Dumping data for table `seat`
--

LOCK TABLES `seat` WRITE;
/*!40000 ALTER TABLE `seat` DISABLE KEYS */;
INSERT INTO `seat` VALUES (7501,211,2),(7502,212,2),(7503,213,2),(7504,214,2),(7505,215,2),(7506,216,2),(7507,217,2),(7508,218,2),(7509,219,2),(7510,2110,2),(7511,2111,2),(7512,2112,2),(7513,2113,2),(7514,2114,2),(7515,2115,2),(7516,2116,2),(7517,2117,2),(7518,2118,2),(7519,2119,2),(7520,2120,2),(7521,2121,2),(7522,2122,2),(7523,2123,2),(7524,2124,2),(7525,2125,2),(7526,2126,2),(7527,2127,2),(7528,2128,2),(7529,2129,2),(7530,2130,2),(7531,2131,2),(7532,2132,2),(7533,2133,2),(7534,2134,2),(7535,2135,2),(7536,2136,2),(7537,2137,2),(7538,2138,2),(7539,2139,2),(7540,2140,2),(7541,2141,2),(7542,2142,2),(7543,2143,2),(7544,2144,2),(7545,2145,2),(7546,2146,2),(7547,2147,2),(7548,2148,2),(7549,2149,2),(7550,2150,2),(7551,2151,2),(7552,2152,2),(7553,2153,2),(7554,2154,2),(7555,2155,2),(7556,2156,2),(7557,2157,2),(7558,2158,2),(7559,2159,2),(7560,2160,2),(7561,2161,2),(7562,2162,2),(7563,2163,2),(7564,2164,2),(7565,2165,2),(7566,2166,2),(7567,2167,2),(7568,2168,2),(7569,2169,2),(7570,2170,2),(7571,2171,2),(7572,2172,2),(7573,2173,2),(7574,2174,2),(7575,2175,2),(7576,2176,2),(7577,2177,2),(7578,2178,2),(7579,2179,2),(7580,2180,2),(7581,2181,2),(7582,2182,2),(7583,2183,2),(7584,2184,2),(7585,2185,2),(7586,2186,2),(7587,2187,2),(7588,2188,2),(7589,2189,2),(7590,2190,2),(7591,2191,2),(7592,2192,2),(7593,2193,2),(7594,2194,2),(7595,2195,2),(7596,2196,2),(7597,2197,2),(7598,2198,2),(7599,2199,2),(7600,21100,2),(7601,221,2),(7602,222,2),(7603,223,2),(7604,224,2),(7605,225,2),(7606,226,2),(7607,227,2),(7608,228,2),(7609,229,2),(7610,2210,2),(7611,2211,2),(7612,2212,2),(7613,2213,2),(7614,2214,2),(7615,2215,2),(7616,2216,2),(7617,2217,2),(7618,2218,2),(7619,2219,2),(7620,2220,2),(7621,2221,2),(7622,2222,2),(7623,2223,2),(7624,2224,2),(7625,2225,2),(7626,2226,2),(7627,2227,2),(7628,2228,2),(7629,2229,2),(7630,2230,2),(7631,2231,2),(7632,2232,2),(7633,2233,2),(7634,2234,2),(7635,2235,2),(7636,2236,2),(7637,2237,2),(7638,2238,2),(7639,2239,2),(7640,2240,2),(7641,2241,2),(7642,2242,2),(7643,2243,2),(7644,2244,2),(7645,2245,2),(7646,2246,2),(7647,2247,2),(7648,2248,2),(7649,2249,2),(7650,2250,2),(7651,2251,2),(7652,2252,2),(7653,2253,2),(7654,2254,2),(7655,2255,2),(7656,2256,2),(7657,2257,2),(7658,2258,2),(7659,2259,2),(7660,2260,2),(7661,2261,2),(7662,2262,2),(7663,2263,2),(7664,2264,2),(7665,2265,2),(7666,2266,2),(7667,2267,2),(7668,2268,2),(7669,2269,2),(7670,2270,2),(7671,2271,2),(7672,2272,2),(7673,2273,2),(7674,2274,2),(7675,2275,2),(7676,2276,2),(7677,2277,2),(7678,2278,2),(7679,2279,2),(7680,2280,2),(7681,2281,2),(7682,2282,2),(7683,2283,2),(7684,2284,2),(7685,2285,2),(7686,2286,2),(7687,2287,2),(7688,2288,2),(7689,2289,2),(7690,2290,2),(7691,2291,2),(7692,2292,2),(7693,2293,2),(7694,2294,2),(7695,2295,2),(7696,2296,2),(7697,2297,2),(7698,2298,2),(7699,2299,2),(7700,22100,2),(7701,231,2),(7702,232,2),(7703,233,2),(7704,234,2),(7705,235,2),(7706,236,2),(7707,237,2),(7708,238,2),(7709,239,2),(7710,2310,2),(7711,2311,2),(7712,2312,2),(7713,2313,2),(7714,2314,2),(7715,2315,2),(7716,2316,2),(7717,2317,2),(7718,2318,2),(7719,2319,2),(7720,2320,2),(7721,2321,2),(7722,2322,2),(7723,2323,2),(7724,2324,2),(7725,2325,2),(7726,2326,2),(7727,2327,2),(7728,2328,2),(7729,2329,2),(7730,2330,2),(7731,2331,2),(7732,2332,2),(7733,2333,2),(7734,2334,2),(7735,2335,2),(7736,2336,2),(7737,2337,2),(7738,2338,2),(7739,2339,2),(7740,2340,2),(7741,2341,2),(7742,2342,2),(7743,2343,2),(7744,2344,2),(7745,2345,2),(7746,2346,2),(7747,2347,2),(7748,2348,2),(7749,2349,2),(7750,2350,2),(7751,2351,2),(7752,2352,2),(7753,2353,2),(7754,2354,2),(7755,2355,2),(7756,2356,2),(7757,2357,2),(7758,2358,2),(7759,2359,2),(7760,2360,2),(7761,2361,2),(7762,2362,2),(7763,2363,2),(7764,2364,2),(7765,2365,2),(7766,2366,2),(7767,2367,2),(7768,2368,2),(7769,2369,2),(7770,2370,2),(7771,2371,2),(7772,2372,2),(7773,2373,2),(7774,2374,2),(7775,2375,2),(7776,2376,2),(7777,2377,2),(7778,2378,2),(7779,2379,2),(7780,2380,2),(7781,2381,2),(7782,2382,2),(7783,2383,2),(7784,2384,2),(7785,2385,2),(7786,2386,2),(7787,2387,2),(7788,2388,2),(7789,2389,2),(7790,2390,2),(7791,2391,2),(7792,2392,2),(7793,2393,2),(7794,2394,2),(7795,2395,2),(7796,2396,2),(7797,2397,2),(7798,2398,2),(7799,2399,2),(7800,23100,2),(7801,241,2),(7802,242,2),(7803,243,2),(7804,244,2),(7805,245,2),(7806,246,2),(7807,247,2),(7808,248,2),(7809,249,2),(7810,2410,2),(7811,2411,2),(7812,2412,2),(7813,2413,2),(7814,2414,2),(7815,2415,2),(7816,2416,2),(7817,2417,2),(7818,2418,2),(7819,2419,2),(7820,2420,2),(7821,2421,2),(7822,2422,2),(7823,2423,2),(7824,2424,2),(7825,2425,2),(7826,2426,2),(7827,2427,2),(7828,2428,2),(7829,2429,2),(7830,2430,2),(7831,2431,2),(7832,2432,2),(7833,2433,2),(7834,2434,2),(7835,2435,2),(7836,2436,2),(7837,2437,2),(7838,2438,2),(7839,2439,2),(7840,2440,2),(7841,2441,2),(7842,2442,2),(7843,2443,2),(7844,2444,2),(7845,2445,2),(7846,2446,2),(7847,2447,2),(7848,2448,2),(7849,2449,2),(7850,2450,2),(7851,2451,2),(7852,2452,2),(7853,2453,2),(7854,2454,2),(7855,2455,2),(7856,2456,2),(7857,2457,2),(7858,2458,2),(7859,2459,2),(7860,2460,2),(7861,2461,2),(7862,2462,2),(7863,2463,2),(7864,2464,2),(7865,2465,2),(7866,2466,2),(7867,2467,2),(7868,2468,2),(7869,2469,2),(7870,2470,2),(7871,2471,2),(7872,2472,2),(7873,2473,2),(7874,2474,2),(7875,2475,2),(7876,2476,2),(7877,2477,2),(7878,2478,2),(7879,2479,2),(7880,2480,2),(7881,2481,2),(7882,2482,2),(7883,2483,2),(7884,2484,2),(7885,2485,2),(7886,2486,2),(7887,2487,2),(7888,2488,2),(7889,2489,2),(7890,2490,2),(7891,2491,2),(7892,2492,2),(7893,2493,2),(7894,2494,2),(7895,2495,2),(7896,2496,2),(7897,2497,2),(7898,2498,2),(7899,2499,2),(7900,24100,2),(7901,251,2),(7902,252,2),(7903,253,2),(7904,254,2),(7905,255,2),(7906,256,2),(7907,257,2),(7908,258,2),(7909,259,2),(7910,2510,2),(7911,2511,2),(7912,2512,2),(7913,2513,2),(7914,2514,2),(7915,2515,2),(7916,2516,2),(7917,2517,2),(7918,2518,2),(7919,2519,2),(7920,2520,2),(7921,2521,2),(7922,2522,2),(7923,2523,2),(7924,2524,2),(7925,2525,2),(7926,2526,2),(7927,2527,2),(7928,2528,2),(7929,2529,2),(7930,2530,2),(7931,2531,2),(7932,2532,2),(7933,2533,2),(7934,2534,2),(7935,2535,2),(7936,2536,2),(7937,2537,2),(7938,2538,2),(7939,2539,2),(7940,2540,2),(7941,2541,2),(7942,2542,2),(7943,2543,2),(7944,2544,2),(7945,2545,2),(7946,2546,2),(7947,2547,2),(7948,2548,2),(7949,2549,2),(7950,2550,2),(7951,2551,2),(7952,2552,2),(7953,2553,2),(7954,2554,2),(7955,2555,2),(7956,2556,2),(7957,2557,2),(7958,2558,2),(7959,2559,2),(7960,2560,2),(7961,2561,2),(7962,2562,2),(7963,2563,2),(7964,2564,2),(7965,2565,2),(7966,2566,2),(7967,2567,2),(7968,2568,2),(7969,2569,2),(7970,2570,2),(7971,2571,2),(7972,2572,2),(7973,2573,2),(7974,2574,2),(7975,2575,2),(7976,2576,2),(7977,2577,2),(7978,2578,2),(7979,2579,2),(7980,2580,2),(7981,2581,2),(7982,2582,2),(7983,2583,2),(7984,2584,2),(7985,2585,2),(7986,2586,2),(7987,2587,2),(7988,2588,2),(7989,2589,2),(7990,2590,2),(7991,2591,2),(7992,2592,2),(7993,2593,2),(7994,2594,2),(7995,2595,2),(7996,2596,2),(7997,2597,2),(7998,2598,2),(7999,2599,2),(8000,25100,2),(8001,261,2),(8002,262,2),(8003,263,2),(8004,264,2),(8005,265,2),(8006,266,2),(8007,267,2),(8008,268,2),(8009,269,2),(8010,2610,2),(8011,2611,2),(8012,2612,2),(8013,2613,2),(8014,2614,2),(8015,2615,2),(8016,2616,2),(8017,2617,2),(8018,2618,2),(8019,2619,2),(8020,2620,2),(8021,2621,2),(8022,2622,2),(8023,2623,2),(8024,2624,2),(8025,2625,2),(8026,2626,2),(8027,2627,2),(8028,2628,2),(8029,2629,2),(8030,2630,2),(8031,2631,2),(8032,2632,2),(8033,2633,2),(8034,2634,2),(8035,2635,2),(8036,2636,2),(8037,2637,2),(8038,2638,2),(8039,2639,2),(8040,2640,2),(8041,2641,2),(8042,2642,2),(8043,2643,2),(8044,2644,2),(8045,2645,2),(8046,2646,2),(8047,2647,2),(8048,2648,2),(8049,2649,2),(8050,2650,2),(8051,2651,2),(8052,2652,2),(8053,2653,2),(8054,2654,2),(8055,2655,2),(8056,2656,2),(8057,2657,2),(8058,2658,2),(8059,2659,2),(8060,2660,2),(8061,2661,2),(8062,2662,2),(8063,2663,2),(8064,2664,2),(8065,2665,2),(8066,2666,2),(8067,2667,2),(8068,2668,2),(8069,2669,2),(8070,2670,2),(8071,2671,2),(8072,2672,2),(8073,2673,2),(8074,2674,2),(8075,2675,2),(8076,2676,2),(8077,2677,2),(8078,2678,2),(8079,2679,2),(8080,2680,2),(8081,2681,2),(8082,2682,2),(8083,2683,2),(8084,2684,2),(8085,2685,2),(8086,2686,2),(8087,2687,2),(8088,2688,2),(8089,2689,2),(8090,2690,2),(8091,2691,2),(8092,2692,2),(8093,2693,2),(8094,2694,2),(8095,2695,2),(8096,2696,2),(8097,2697,2),(8098,2698,2),(8099,2699,2),(8100,26100,2),(8101,271,2),(8102,272,2),(8103,273,2),(8104,274,2),(8105,275,2),(8106,276,2),(8107,277,2),(8108,278,2),(8109,279,2),(8110,2710,2),(8111,2711,2),(8112,2712,2),(8113,2713,2),(8114,2714,2),(8115,2715,2),(8116,2716,2),(8117,2717,2),(8118,2718,2),(8119,2719,2),(8120,2720,2),(8121,2721,2),(8122,2722,2),(8123,2723,2),(8124,2724,2),(8125,2725,2),(8126,2726,2),(8127,2727,2),(8128,2728,2),(8129,2729,2),(8130,2730,2),(8131,2731,2),(8132,2732,2),(8133,2733,2),(8134,2734,2),(8135,2735,2),(8136,2736,2),(8137,2737,2),(8138,2738,2),(8139,2739,2),(8140,2740,2),(8141,2741,2),(8142,2742,2),(8143,2743,2),(8144,2744,2),(8145,2745,2),(8146,2746,2),(8147,2747,2),(8148,2748,2),(8149,2749,2),(8150,2750,2),(8151,2751,2),(8152,2752,2),(8153,2753,2),(8154,2754,2),(8155,2755,2),(8156,2756,2),(8157,2757,2),(8158,2758,2),(8159,2759,2),(8160,2760,2),(8161,2761,2),(8162,2762,2),(8163,2763,2),(8164,2764,2),(8165,2765,2),(8166,2766,2),(8167,2767,2),(8168,2768,2),(8169,2769,2),(8170,2770,2),(8171,2771,2),(8172,2772,2),(8173,2773,2),(8174,2774,2),(8175,2775,2),(8176,2776,2),(8177,2777,2),(8178,2778,2),(8179,2779,2),(8180,2780,2),(8181,2781,2),(8182,2782,2),(8183,2783,2),(8184,2784,2),(8185,2785,2),(8186,2786,2),(8187,2787,2),(8188,2788,2),(8189,2789,2),(8190,2790,2),(8191,2791,2),(8192,2792,2),(8193,2793,2),(8194,2794,2),(8195,2795,2),(8196,2796,2),(8197,2797,2),(8198,2798,2),(8199,2799,2),(8200,27100,2),(8201,281,2),(8202,282,2),(8203,283,2),(8204,284,2),(8205,285,2),(8206,286,2),(8207,287,2),(8208,288,2),(8209,289,2),(8210,2810,2),(8211,2811,2),(8212,2812,2),(8213,2813,2),(8214,2814,2),(8215,2815,2),(8216,2816,2),(8217,2817,2),(8218,2818,2),(8219,2819,2),(8220,2820,2),(8221,2821,2),(8222,2822,2),(8223,2823,2),(8224,2824,2),(8225,2825,2),(8226,2826,2),(8227,2827,2),(8228,2828,2),(8229,2829,2),(8230,2830,2),(8231,2831,2),(8232,2832,2),(8233,2833,2),(8234,2834,2),(8235,2835,2),(8236,2836,2),(8237,2837,2),(8238,2838,2),(8239,2839,2),(8240,2840,2),(8241,2841,2),(8242,2842,2),(8243,2843,2),(8244,2844,2),(8245,2845,2),(8246,2846,2),(8247,2847,2),(8248,2848,2),(8249,2849,2),(8250,2850,2),(8251,2851,2),(8252,2852,2),(8253,2853,2),(8254,2854,2),(8255,2855,2),(8256,2856,2),(8257,2857,2),(8258,2858,2),(8259,2859,2),(8260,2860,2),(8261,2861,2),(8262,2862,2),(8263,2863,2),(8264,2864,2),(8265,2865,2),(8266,2866,2),(8267,2867,2),(8268,2868,2),(8269,2869,2),(8270,2870,2),(8271,2871,2),(8272,2872,2),(8273,2873,2),(8274,2874,2),(8275,2875,2),(8276,2876,2),(8277,2877,2),(8278,2878,2),(8279,2879,2),(8280,2880,2),(8281,2881,2),(8282,2882,2),(8283,2883,2),(8284,2884,2),(8285,2885,2),(8286,2886,2),(8287,2887,2),(8288,2888,2),(8289,2889,2),(8290,2890,2),(8291,2891,2),(8292,2892,2),(8293,2893,2),(8294,2894,2),(8295,2895,2),(8296,2896,2),(8297,2897,2),(8298,2898,2),(8299,2899,2),(8300,28100,2),(8301,291,2),(8302,292,2),(8303,293,2),(8304,294,2),(8305,295,2),(8306,296,2),(8307,297,2),(8308,298,2),(8309,299,2),(8310,2910,2),(8311,2911,2),(8312,2912,2),(8313,2913,2),(8314,2914,2),(8315,2915,2),(8316,2916,2),(8317,2917,2),(8318,2918,2),(8319,2919,2),(8320,2920,2),(8321,2921,2),(8322,2922,2),(8323,2923,2),(8324,2924,2),(8325,2925,2),(8326,2926,2),(8327,2927,2),(8328,2928,2),(8329,2929,2),(8330,2930,2),(8331,2931,2),(8332,2932,2),(8333,2933,2),(8334,2934,2),(8335,2935,2),(8336,2936,2),(8337,2937,2),(8338,2938,2),(8339,2939,2),(8340,2940,2),(8341,2941,2),(8342,2942,2),(8343,2943,2),(8344,2944,2),(8345,2945,2),(8346,2946,2),(8347,2947,2),(8348,2948,2),(8349,2949,2),(8350,2950,2),(8351,2951,2),(8352,2952,2),(8353,2953,2),(8354,2954,2),(8355,2955,2),(8356,2956,2),(8357,2957,2),(8358,2958,2),(8359,2959,2),(8360,2960,2),(8361,2961,2),(8362,2962,2),(8363,2963,2),(8364,2964,2),(8365,2965,2),(8366,2966,2),(8367,2967,2),(8368,2968,2),(8369,2969,2),(8370,2970,2),(8371,2971,2),(8372,2972,2),(8373,2973,2),(8374,2974,2),(8375,2975,2),(8376,2976,2),(8377,2977,2),(8378,2978,2),(8379,2979,2),(8380,2980,2),(8381,2981,2),(8382,2982,2),(8383,2983,2),(8384,2984,2),(8385,2985,2),(8386,2986,2),(8387,2987,2),(8388,2988,2),(8389,2989,2),(8390,2990,2),(8391,2991,2),(8392,2992,2),(8393,2993,2),(8394,2994,2),(8395,2995,2),(8396,2996,2),(8397,2997,2),(8398,2998,2),(8399,2999,2),(8400,29100,2),(8401,2101,2),(8402,2102,2),(8403,2103,2),(8404,2104,2),(8405,2105,2),(8406,2106,2),(8407,2107,2),(8408,2108,2),(8409,2109,2),(8410,21010,2),(8411,21011,2),(8412,21012,2),(8413,21013,2),(8414,21014,2),(8415,21015,2),(8416,21016,2),(8417,21017,2),(8418,21018,2),(8419,21019,2),(8420,21020,2),(8421,21021,2),(8422,21022,2),(8423,21023,2),(8424,21024,2),(8425,21025,2),(8426,21026,2),(8427,21027,2),(8428,21028,2),(8429,21029,2),(8430,21030,2),(8431,21031,2),(8432,21032,2),(8433,21033,2),(8434,21034,2),(8435,21035,2),(8436,21036,2),(8437,21037,2),(8438,21038,2),(8439,21039,2),(8440,21040,2),(8441,21041,2),(8442,21042,2),(8443,21043,2),(8444,21044,2),(8445,21045,2),(8446,21046,2),(8447,21047,2),(8448,21048,2),(8449,21049,2),(8450,21050,2),(8451,21051,2),(8452,21052,2),(8453,21053,2),(8454,21054,2),(8455,21055,2),(8456,21056,2),(8457,21057,2),(8458,21058,2),(8459,21059,2),(8460,21060,2),(8461,21061,2),(8462,21062,2),(8463,21063,2),(8464,21064,2),(8465,21065,2),(8466,21066,2),(8467,21067,2),(8468,21068,2),(8469,21069,2),(8470,21070,2),(8471,21071,2),(8472,21072,2),(8473,21073,2),(8474,21074,2),(8475,21075,2),(8476,21076,2),(8477,21077,2),(8478,21078,2),(8479,21079,2),(8480,21080,2),(8481,21081,2),(8482,21082,2),(8483,21083,2),(8484,21084,2),(8485,21085,2),(8486,21086,2),(8487,21087,2),(8488,21088,2),(8489,21089,2),(8490,21090,2),(8491,21091,2),(8492,21092,2),(8493,21093,2),(8494,21094,2),(8495,21095,2),(8496,21096,2),(8497,21097,2),(8498,21098,2),(8499,21099,2),(8500,210100,2),(8501,2111,2),(8502,2112,2),(8503,2113,2),(8504,2114,2),(8505,2115,2),(8506,2116,2),(8507,2117,2),(8508,2118,2),(8509,2119,2),(8510,21110,2),(8511,21111,2),(8512,21112,2),(8513,21113,2),(8514,21114,2),(8515,21115,2),(8516,21116,2),(8517,21117,2),(8518,21118,2),(8519,21119,2),(8520,21120,2),(8521,21121,2),(8522,21122,2),(8523,21123,2),(8524,21124,2),(8525,21125,2),(8526,21126,2),(8527,21127,2),(8528,21128,2),(8529,21129,2),(8530,21130,2),(8531,21131,2),(8532,21132,2),(8533,21133,2),(8534,21134,2),(8535,21135,2),(8536,21136,2),(8537,21137,2),(8538,21138,2),(8539,21139,2),(8540,21140,2),(8541,21141,2),(8542,21142,2),(8543,21143,2),(8544,21144,2),(8545,21145,2),(8546,21146,2),(8547,21147,2),(8548,21148,2),(8549,21149,2),(8550,21150,2),(8551,21151,2),(8552,21152,2),(8553,21153,2),(8554,21154,2),(8555,21155,2),(8556,21156,2),(8557,21157,2),(8558,21158,2),(8559,21159,2),(8560,21160,2),(8561,21161,2),(8562,21162,2),(8563,21163,2),(8564,21164,2),(8565,21165,2),(8566,21166,2),(8567,21167,2),(8568,21168,2),(8569,21169,2),(8570,21170,2),(8571,21171,2),(8572,21172,2),(8573,21173,2),(8574,21174,2),(8575,21175,2),(8576,21176,2),(8577,21177,2),(8578,21178,2),(8579,21179,2),(8580,21180,2),(8581,21181,2),(8582,21182,2),(8583,21183,2),(8584,21184,2),(8585,21185,2),(8586,21186,2),(8587,21187,2),(8588,21188,2),(8589,21189,2),(8590,21190,2),(8591,21191,2),(8592,21192,2),(8593,21193,2),(8594,21194,2),(8595,21195,2),(8596,21196,2),(8597,21197,2),(8598,21198,2),(8599,21199,2),(8600,211100,2),(8601,2121,2),(8602,2122,2),(8603,2123,2),(8604,2124,2),(8605,2125,2),(8606,2126,2),(8607,2127,2),(8608,2128,2),(8609,2129,2),(8610,21210,2),(8611,21211,2),(8612,21212,2),(8613,21213,2),(8614,21214,2),(8615,21215,2),(8616,21216,2),(8617,21217,2),(8618,21218,2),(8619,21219,2),(8620,21220,2),(8621,21221,2),(8622,21222,2),(8623,21223,2),(8624,21224,2),(8625,21225,2),(8626,21226,2),(8627,21227,2),(8628,21228,2),(8629,21229,2),(8630,21230,2),(8631,21231,2),(8632,21232,2),(8633,21233,2),(8634,21234,2),(8635,21235,2),(8636,21236,2),(8637,21237,2),(8638,21238,2),(8639,21239,2),(8640,21240,2),(8641,21241,2),(8642,21242,2),(8643,21243,2),(8644,21244,2),(8645,21245,2),(8646,21246,2),(8647,21247,2),(8648,21248,2),(8649,21249,2),(8650,21250,2),(8651,21251,2),(8652,21252,2),(8653,21253,2),(8654,21254,2),(8655,21255,2),(8656,21256,2),(8657,21257,2),(8658,21258,2),(8659,21259,2),(8660,21260,2),(8661,21261,2),(8662,21262,2),(8663,21263,2),(8664,21264,2),(8665,21265,2),(8666,21266,2),(8667,21267,2),(8668,21268,2),(8669,21269,2),(8670,21270,2),(8671,21271,2),(8672,21272,2),(8673,21273,2),(8674,21274,2),(8675,21275,2),(8676,21276,2),(8677,21277,2),(8678,21278,2),(8679,21279,2),(8680,21280,2),(8681,21281,2),(8682,21282,2),(8683,21283,2),(8684,21284,2),(8685,21285,2),(8686,21286,2),(8687,21287,2),(8688,21288,2),(8689,21289,2),(8690,21290,2),(8691,21291,2),(8692,21292,2),(8693,21293,2),(8694,21294,2),(8695,21295,2),(8696,21296,2),(8697,21297,2),(8698,21298,2),(8699,21299,2),(8700,212100,2),(8701,2131,2),(8702,2132,2),(8703,2133,2),(8704,2134,2),(8705,2135,2),(8706,2136,2),(8707,2137,2),(8708,2138,2),(8709,2139,2),(8710,21310,2),(8711,21311,2),(8712,21312,2),(8713,21313,2),(8714,21314,2),(8715,21315,2),(8716,21316,2),(8717,21317,2),(8718,21318,2),(8719,21319,2),(8720,21320,2),(8721,21321,2),(8722,21322,2),(8723,21323,2),(8724,21324,2),(8725,21325,2),(8726,21326,2),(8727,21327,2),(8728,21328,2),(8729,21329,2),(8730,21330,2),(8731,21331,2),(8732,21332,2),(8733,21333,2),(8734,21334,2),(8735,21335,2),(8736,21336,2),(8737,21337,2),(8738,21338,2),(8739,21339,2),(8740,21340,2),(8741,21341,2),(8742,21342,2),(8743,21343,2),(8744,21344,2),(8745,21345,2),(8746,21346,2),(8747,21347,2),(8748,21348,2),(8749,21349,2),(8750,21350,2),(8751,21351,2),(8752,21352,2),(8753,21353,2),(8754,21354,2),(8755,21355,2),(8756,21356,2),(8757,21357,2),(8758,21358,2),(8759,21359,2),(8760,21360,2),(8761,21361,2),(8762,21362,2),(8763,21363,2),(8764,21364,2),(8765,21365,2),(8766,21366,2),(8767,21367,2),(8768,21368,2),(8769,21369,2),(8770,21370,2),(8771,21371,2),(8772,21372,2),(8773,21373,2),(8774,21374,2),(8775,21375,2),(8776,21376,2),(8777,21377,2),(8778,21378,2),(8779,21379,2),(8780,21380,2),(8781,21381,2),(8782,21382,2),(8783,21383,2),(8784,21384,2),(8785,21385,2),(8786,21386,2),(8787,21387,2),(8788,21388,2),(8789,21389,2),(8790,21390,2),(8791,21391,2),(8792,21392,2),(8793,21393,2),(8794,21394,2),(8795,21395,2),(8796,21396,2),(8797,21397,2),(8798,21398,2),(8799,21399,2),(8800,213100,2),(8801,2141,2),(8802,2142,2),(8803,2143,2),(8804,2144,2),(8805,2145,2),(8806,2146,2),(8807,2147,2),(8808,2148,2),(8809,2149,2),(8810,21410,2),(8811,21411,2),(8812,21412,2),(8813,21413,2),(8814,21414,2),(8815,21415,2),(8816,21416,2),(8817,21417,2),(8818,21418,2),(8819,21419,2),(8820,21420,2),(8821,21421,2),(8822,21422,2),(8823,21423,2),(8824,21424,2),(8825,21425,2),(8826,21426,2),(8827,21427,2),(8828,21428,2),(8829,21429,2),(8830,21430,2),(8831,21431,2),(8832,21432,2),(8833,21433,2),(8834,21434,2),(8835,21435,2),(8836,21436,2),(8837,21437,2),(8838,21438,2),(8839,21439,2),(8840,21440,2),(8841,21441,2),(8842,21442,2),(8843,21443,2),(8844,21444,2),(8845,21445,2),(8846,21446,2),(8847,21447,2),(8848,21448,2),(8849,21449,2),(8850,21450,2),(8851,21451,2),(8852,21452,2),(8853,21453,2),(8854,21454,2),(8855,21455,2),(8856,21456,2),(8857,21457,2),(8858,21458,2),(8859,21459,2),(8860,21460,2),(8861,21461,2),(8862,21462,2),(8863,21463,2),(8864,21464,2),(8865,21465,2),(8866,21466,2),(8867,21467,2),(8868,21468,2),(8869,21469,2),(8870,21470,2),(8871,21471,2),(8872,21472,2),(8873,21473,2),(8874,21474,2),(8875,21475,2),(8876,21476,2),(8877,21477,2),(8878,21478,2),(8879,21479,2),(8880,21480,2),(8881,21481,2),(8882,21482,2),(8883,21483,2),(8884,21484,2),(8885,21485,2),(8886,21486,2),(8887,21487,2),(8888,21488,2),(8889,21489,2),(8890,21490,2),(8891,21491,2),(8892,21492,2),(8893,21493,2),(8894,21494,2),(8895,21495,2),(8896,21496,2),(8897,21497,2),(8898,21498,2),(8899,21499,2),(8900,214100,2),(8901,2151,2),(8902,2152,2),(8903,2153,2),(8904,2154,2),(8905,2155,2),(8906,2156,2),(8907,2157,2),(8908,2158,2),(8909,2159,2),(8910,21510,2),(8911,21511,2),(8912,21512,2),(8913,21513,2),(8914,21514,2),(8915,21515,2),(8916,21516,2),(8917,21517,2),(8918,21518,2),(8919,21519,2),(8920,21520,2),(8921,21521,2),(8922,21522,2),(8923,21523,2),(8924,21524,2),(8925,21525,2),(8926,21526,2),(8927,21527,2),(8928,21528,2),(8929,21529,2),(8930,21530,2),(8931,21531,2),(8932,21532,2),(8933,21533,2),(8934,21534,2),(8935,21535,2),(8936,21536,2),(8937,21537,2),(8938,21538,2),(8939,21539,2),(8940,21540,2),(8941,21541,2),(8942,21542,2),(8943,21543,2),(8944,21544,2),(8945,21545,2),(8946,21546,2),(8947,21547,2),(8948,21548,2),(8949,21549,2),(8950,21550,2),(8951,21551,2),(8952,21552,2),(8953,21553,2),(8954,21554,2),(8955,21555,2),(8956,21556,2),(8957,21557,2),(8958,21558,2),(8959,21559,2),(8960,21560,2),(8961,21561,2),(8962,21562,2),(8963,21563,2),(8964,21564,2),(8965,21565,2),(8966,21566,2),(8967,21567,2),(8968,21568,2),(8969,21569,2),(8970,21570,2),(8971,21571,2),(8972,21572,2),(8973,21573,2),(8974,21574,2),(8975,21575,2),(8976,21576,2),(8977,21577,2),(8978,21578,2),(8979,21579,2),(8980,21580,2),(8981,21581,2),(8982,21582,2),(8983,21583,2),(8984,21584,2),(8985,21585,2),(8986,21586,2),(8987,21587,2),(8988,21588,2),(8989,21589,2),(8990,21590,2),(8991,21591,2),(8992,21592,2),(8993,21593,2),(8994,21594,2),(8995,21595,2),(8996,21596,2),(8997,21597,2),(8998,21598,2),(8999,21599,2),(9000,215100,2),(9001,2161,2),(9002,2162,2),(9003,2163,2),(9004,2164,2),(9005,2165,2),(9006,2166,2),(9007,2167,2),(9008,2168,2),(9009,2169,2),(9010,21610,2),(9011,21611,2),(9012,21612,2),(9013,21613,2),(9014,21614,2),(9015,21615,2),(9016,21616,2),(9017,21617,2),(9018,21618,2),(9019,21619,2),(9020,21620,2),(9021,21621,2),(9022,21622,2),(9023,21623,2),(9024,21624,2),(9025,21625,2),(9026,21626,2),(9027,21627,2),(9028,21628,2),(9029,21629,2),(9030,21630,2),(9031,21631,2),(9032,21632,2),(9033,21633,2),(9034,21634,2),(9035,21635,2),(9036,21636,2),(9037,21637,2),(9038,21638,2),(9039,21639,2),(9040,21640,2),(9041,21641,2),(9042,21642,2),(9043,21643,2),(9044,21644,2),(9045,21645,2),(9046,21646,2),(9047,21647,2),(9048,21648,2),(9049,21649,2),(9050,21650,2),(9051,21651,2),(9052,21652,2),(9053,21653,2),(9054,21654,2),(9055,21655,2),(9056,21656,2),(9057,21657,2),(9058,21658,2),(9059,21659,2),(9060,21660,2),(9061,21661,2),(9062,21662,2),(9063,21663,2),(9064,21664,2),(9065,21665,2),(9066,21666,2),(9067,21667,2),(9068,21668,2),(9069,21669,2),(9070,21670,2),(9071,21671,2),(9072,21672,2),(9073,21673,2),(9074,21674,2),(9075,21675,2),(9076,21676,2),(9077,21677,2),(9078,21678,2),(9079,21679,2),(9080,21680,2),(9081,21681,2),(9082,21682,2),(9083,21683,2),(9084,21684,2),(9085,21685,2),(9086,21686,2),(9087,21687,2),(9088,21688,2),(9089,21689,2),(9090,21690,2),(9091,21691,2),(9092,21692,2),(9093,21693,2),(9094,21694,2),(9095,21695,2),(9096,21696,2),(9097,21697,2),(9098,21698,2),(9099,21699,2),(9100,216100,2),(9101,2171,2),(9102,2172,2),(9103,2173,2),(9104,2174,2),(9105,2175,2),(9106,2176,2),(9107,2177,2),(9108,2178,2),(9109,2179,2),(9110,21710,2),(9111,21711,2),(9112,21712,2),(9113,21713,2),(9114,21714,2),(9115,21715,2),(9116,21716,2),(9117,21717,2),(9118,21718,2),(9119,21719,2),(9120,21720,2),(9121,21721,2),(9122,21722,2),(9123,21723,2),(9124,21724,2),(9125,21725,2),(9126,21726,2),(9127,21727,2),(9128,21728,2),(9129,21729,2),(9130,21730,2),(9131,21731,2),(9132,21732,2),(9133,21733,2),(9134,21734,2),(9135,21735,2),(9136,21736,2),(9137,21737,2),(9138,21738,2),(9139,21739,2),(9140,21740,2),(9141,21741,2),(9142,21742,2),(9143,21743,2),(9144,21744,2),(9145,21745,2),(9146,21746,2),(9147,21747,2),(9148,21748,2),(9149,21749,2),(9150,21750,2),(9151,21751,2),(9152,21752,2),(9153,21753,2),(9154,21754,2),(9155,21755,2),(9156,21756,2),(9157,21757,2),(9158,21758,2),(9159,21759,2),(9160,21760,2),(9161,21761,2),(9162,21762,2),(9163,21763,2),(9164,21764,2),(9165,21765,2),(9166,21766,2),(9167,21767,2),(9168,21768,2),(9169,21769,2),(9170,21770,2),(9171,21771,2),(9172,21772,2),(9173,21773,2),(9174,21774,2),(9175,21775,2),(9176,21776,2),(9177,21777,2),(9178,21778,2),(9179,21779,2),(9180,21780,2),(9181,21781,2),(9182,21782,2),(9183,21783,2),(9184,21784,2),(9185,21785,2),(9186,21786,2),(9187,21787,2),(9188,21788,2),(9189,21789,2),(9190,21790,2),(9191,21791,2),(9192,21792,2),(9193,21793,2),(9194,21794,2),(9195,21795,2),(9196,21796,2),(9197,21797,2),(9198,21798,2),(9199,21799,2),(9200,217100,2),(9201,2181,2),(9202,2182,2),(9203,2183,2),(9204,2184,2),(9205,2185,2),(9206,2186,2),(9207,2187,2),(9208,2188,2),(9209,2189,2),(9210,21810,2),(9211,21811,2),(9212,21812,2),(9213,21813,2),(9214,21814,2),(9215,21815,2),(9216,21816,2),(9217,21817,2),(9218,21818,2),(9219,21819,2),(9220,21820,2),(9221,21821,2),(9222,21822,2),(9223,21823,2),(9224,21824,2),(9225,21825,2),(9226,21826,2),(9227,21827,2),(9228,21828,2),(9229,21829,2),(9230,21830,2),(9231,21831,2),(9232,21832,2),(9233,21833,2),(9234,21834,2),(9235,21835,2),(9236,21836,2),(9237,21837,2),(9238,21838,2),(9239,21839,2),(9240,21840,2),(9241,21841,2),(9242,21842,2),(9243,21843,2),(9244,21844,2),(9245,21845,2),(9246,21846,2),(9247,21847,2),(9248,21848,2),(9249,21849,2),(9250,21850,2),(9251,21851,2),(9252,21852,2),(9253,21853,2),(9254,21854,2),(9255,21855,2),(9256,21856,2),(9257,21857,2),(9258,21858,2),(9259,21859,2),(9260,21860,2),(9261,21861,2),(9262,21862,2),(9263,21863,2),(9264,21864,2),(9265,21865,2),(9266,21866,2),(9267,21867,2),(9268,21868,2),(9269,21869,2),(9270,21870,2),(9271,21871,2),(9272,21872,2),(9273,21873,2),(9274,21874,2),(9275,21875,2),(9276,21876,2),(9277,21877,2),(9278,21878,2),(9279,21879,2),(9280,21880,2),(9281,21881,2),(9282,21882,2),(9283,21883,2),(9284,21884,2),(9285,21885,2),(9286,21886,2),(9287,21887,2),(9288,21888,2),(9289,21889,2),(9290,21890,2),(9291,21891,2),(9292,21892,2),(9293,21893,2),(9294,21894,2),(9295,21895,2),(9296,21896,2),(9297,21897,2),(9298,21898,2),(9299,21899,2),(9300,218100,2),(9301,2191,2),(9302,2192,2),(9303,2193,2),(9304,2194,2),(9305,2195,2),(9306,2196,2),(9307,2197,2),(9308,2198,2),(9309,2199,2),(9310,21910,2),(9311,21911,2),(9312,21912,2),(9313,21913,2),(9314,21914,2),(9315,21915,2),(9316,21916,2),(9317,21917,2),(9318,21918,2),(9319,21919,2),(9320,21920,2),(9321,21921,2),(9322,21922,2),(9323,21923,2),(9324,21924,2),(9325,21925,2),(9326,21926,2),(9327,21927,2),(9328,21928,2),(9329,21929,2),(9330,21930,2),(9331,21931,2),(9332,21932,2),(9333,21933,2),(9334,21934,2),(9335,21935,2),(9336,21936,2),(9337,21937,2),(9338,21938,2),(9339,21939,2),(9340,21940,2),(9341,21941,2),(9342,21942,2),(9343,21943,2),(9344,21944,2),(9345,21945,2),(9346,21946,2),(9347,21947,2),(9348,21948,2),(9349,21949,2),(9350,21950,2),(9351,21951,2),(9352,21952,2),(9353,21953,2),(9354,21954,2),(9355,21955,2),(9356,21956,2),(9357,21957,2),(9358,21958,2),(9359,21959,2),(9360,21960,2),(9361,21961,2),(9362,21962,2),(9363,21963,2),(9364,21964,2),(9365,21965,2),(9366,21966,2),(9367,21967,2),(9368,21968,2),(9369,21969,2),(9370,21970,2),(9371,21971,2),(9372,21972,2),(9373,21973,2),(9374,21974,2),(9375,21975,2),(9376,21976,2),(9377,21977,2),(9378,21978,2),(9379,21979,2),(9380,21980,2),(9381,21981,2),(9382,21982,2),(9383,21983,2),(9384,21984,2),(9385,21985,2),(9386,21986,2),(9387,21987,2),(9388,21988,2),(9389,21989,2),(9390,21990,2),(9391,21991,2),(9392,21992,2),(9393,21993,2),(9394,21994,2),(9395,21995,2),(9396,21996,2),(9397,21997,2),(9398,21998,2),(9399,21999,2),(9400,219100,2),(9401,2201,2),(9402,2202,2),(9403,2203,2),(9404,2204,2),(9405,2205,2),(9406,2206,2),(9407,2207,2),(9408,2208,2),(9409,2209,2),(9410,22010,2),(9411,22011,2),(9412,22012,2),(9413,22013,2),(9414,22014,2),(9415,22015,2),(9416,22016,2),(9417,22017,2),(9418,22018,2),(9419,22019,2),(9420,22020,2),(9421,22021,2),(9422,22022,2),(9423,22023,2),(9424,22024,2),(9425,22025,2),(9426,22026,2),(9427,22027,2),(9428,22028,2),(9429,22029,2),(9430,22030,2),(9431,22031,2),(9432,22032,2),(9433,22033,2),(9434,22034,2),(9435,22035,2),(9436,22036,2),(9437,22037,2),(9438,22038,2),(9439,22039,2),(9440,22040,2),(9441,22041,2),(9442,22042,2),(9443,22043,2),(9444,22044,2),(9445,22045,2),(9446,22046,2),(9447,22047,2),(9448,22048,2),(9449,22049,2),(9450,22050,2),(9451,22051,2),(9452,22052,2),(9453,22053,2),(9454,22054,2),(9455,22055,2),(9456,22056,2),(9457,22057,2),(9458,22058,2),(9459,22059,2),(9460,22060,2),(9461,22061,2),(9462,22062,2),(9463,22063,2),(9464,22064,2),(9465,22065,2),(9466,22066,2),(9467,22067,2),(9468,22068,2),(9469,22069,2),(9470,22070,2),(9471,22071,2),(9472,22072,2),(9473,22073,2),(9474,22074,2),(9475,22075,2),(9476,22076,2),(9477,22077,2),(9478,22078,2),(9479,22079,2),(9480,22080,2),(9481,22081,2),(9482,22082,2),(9483,22083,2),(9484,22084,2),(9485,22085,2),(9486,22086,2),(9487,22087,2),(9488,22088,2),(9489,22089,2),(9490,22090,2),(9491,22091,2),(9492,22092,2),(9493,22093,2),(9494,22094,2),(9495,22095,2),(9496,22096,2),(9497,22097,2),(9498,22098,2),(9499,22099,2),(9500,220100,2),(9501,311,3),(9502,312,3),(9503,313,3),(9504,314,3),(9505,315,3),(9506,316,3),(9507,317,3),(9508,318,3),(9509,319,3),(9510,3110,3),(9511,3111,3),(9512,3112,3),(9513,3113,3),(9514,3114,3),(9515,3115,3),(9516,3116,3),(9517,3117,3),(9518,3118,3),(9519,3119,3),(9520,3120,3),(9521,3121,3),(9522,3122,3),(9523,3123,3),(9524,3124,3),(9525,3125,3),(9526,3126,3),(9527,3127,3),(9528,3128,3),(9529,3129,3),(9530,3130,3),(9531,3131,3),(9532,3132,3),(9533,3133,3),(9534,3134,3),(9535,3135,3),(9536,3136,3),(9537,3137,3),(9538,3138,3),(9539,3139,3),(9540,3140,3),(9541,3141,3),(9542,3142,3),(9543,3143,3),(9544,3144,3),(9545,3145,3),(9546,3146,3),(9547,3147,3),(9548,3148,3),(9549,3149,3),(9550,3150,3),(9551,3151,3),(9552,3152,3),(9553,3153,3),(9554,3154,3),(9555,3155,3),(9556,3156,3),(9557,3157,3),(9558,3158,3),(9559,3159,3),(9560,3160,3),(9561,3161,3),(9562,3162,3),(9563,3163,3),(9564,3164,3),(9565,3165,3),(9566,3166,3),(9567,3167,3),(9568,3168,3),(9569,3169,3),(9570,3170,3),(9571,3171,3),(9572,3172,3),(9573,3173,3),(9574,3174,3),(9575,3175,3),(9576,3176,3),(9577,3177,3),(9578,3178,3),(9579,3179,3),(9580,3180,3),(9581,3181,3),(9582,3182,3),(9583,3183,3),(9584,3184,3),(9585,3185,3),(9586,3186,3),(9587,3187,3),(9588,3188,3),(9589,3189,3),(9590,3190,3),(9591,3191,3),(9592,3192,3),(9593,3193,3),(9594,3194,3),(9595,3195,3),(9596,3196,3),(9597,3197,3),(9598,3198,3),(9599,3199,3),(9600,31100,3),(9601,321,3),(9602,322,3),(9603,323,3),(9604,324,3),(9605,325,3),(9606,326,3),(9607,327,3),(9608,328,3),(9609,329,3),(9610,3210,3),(9611,3211,3),(9612,3212,3),(9613,3213,3),(9614,3214,3),(9615,3215,3),(9616,3216,3),(9617,3217,3),(9618,3218,3),(9619,3219,3),(9620,3220,3),(9621,3221,3),(9622,3222,3),(9623,3223,3),(9624,3224,3),(9625,3225,3),(9626,3226,3),(9627,3227,3),(9628,3228,3),(9629,3229,3),(9630,3230,3),(9631,3231,3),(9632,3232,3),(9633,3233,3),(9634,3234,3),(9635,3235,3),(9636,3236,3),(9637,3237,3),(9638,3238,3),(9639,3239,3),(9640,3240,3),(9641,3241,3),(9642,3242,3),(9643,3243,3),(9644,3244,3),(9645,3245,3),(9646,3246,3),(9647,3247,3),(9648,3248,3),(9649,3249,3),(9650,3250,3),(9651,3251,3),(9652,3252,3),(9653,3253,3),(9654,3254,3),(9655,3255,3),(9656,3256,3),(9657,3257,3),(9658,3258,3),(9659,3259,3),(9660,3260,3),(9661,3261,3),(9662,3262,3),(9663,3263,3),(9664,3264,3),(9665,3265,3),(9666,3266,3),(9667,3267,3),(9668,3268,3),(9669,3269,3),(9670,3270,3),(9671,3271,3),(9672,3272,3),(9673,3273,3),(9674,3274,3),(9675,3275,3),(9676,3276,3),(9677,3277,3),(9678,3278,3),(9679,3279,3),(9680,3280,3),(9681,3281,3),(9682,3282,3),(9683,3283,3),(9684,3284,3),(9685,3285,3),(9686,3286,3),(9687,3287,3),(9688,3288,3),(9689,3289,3),(9690,3290,3),(9691,3291,3),(9692,3292,3),(9693,3293,3),(9694,3294,3),(9695,3295,3),(9696,3296,3),(9697,3297,3),(9698,3298,3),(9699,3299,3),(9700,32100,3),(9701,331,3),(9702,332,3),(9703,333,3),(9704,334,3),(9705,335,3),(9706,336,3),(9707,337,3),(9708,338,3),(9709,339,3),(9710,3310,3),(9711,3311,3),(9712,3312,3),(9713,3313,3),(9714,3314,3),(9715,3315,3),(9716,3316,3),(9717,3317,3),(9718,3318,3),(9719,3319,3),(9720,3320,3),(9721,3321,3),(9722,3322,3),(9723,3323,3),(9724,3324,3),(9725,3325,3),(9726,3326,3),(9727,3327,3),(9728,3328,3),(9729,3329,3),(9730,3330,3),(9731,3331,3),(9732,3332,3),(9733,3333,3),(9734,3334,3),(9735,3335,3),(9736,3336,3),(9737,3337,3),(9738,3338,3),(9739,3339,3),(9740,3340,3),(9741,3341,3),(9742,3342,3),(9743,3343,3),(9744,3344,3),(9745,3345,3),(9746,3346,3),(9747,3347,3),(9748,3348,3),(9749,3349,3),(9750,3350,3),(9751,3351,3),(9752,3352,3),(9753,3353,3),(9754,3354,3),(9755,3355,3),(9756,3356,3),(9757,3357,3),(9758,3358,3),(9759,3359,3),(9760,3360,3),(9761,3361,3),(9762,3362,3),(9763,3363,3),(9764,3364,3),(9765,3365,3),(9766,3366,3),(9767,3367,3),(9768,3368,3),(9769,3369,3),(9770,3370,3),(9771,3371,3),(9772,3372,3),(9773,3373,3),(9774,3374,3),(9775,3375,3),(9776,3376,3),(9777,3377,3),(9778,3378,3),(9779,3379,3),(9780,3380,3),(9781,3381,3),(9782,3382,3),(9783,3383,3),(9784,3384,3),(9785,3385,3),(9786,3386,3),(9787,3387,3),(9788,3388,3),(9789,3389,3),(9790,3390,3),(9791,3391,3),(9792,3392,3),(9793,3393,3),(9794,3394,3),(9795,3395,3),(9796,3396,3),(9797,3397,3),(9798,3398,3),(9799,3399,3),(9800,33100,3),(9801,341,3),(9802,342,3),(9803,343,3),(9804,344,3),(9805,345,3),(9806,346,3),(9807,347,3),(9808,348,3),(9809,349,3),(9810,3410,3),(9811,3411,3),(9812,3412,3),(9813,3413,3),(9814,3414,3),(9815,3415,3),(9816,3416,3),(9817,3417,3),(9818,3418,3),(9819,3419,3),(9820,3420,3),(9821,3421,3),(9822,3422,3),(9823,3423,3),(9824,3424,3),(9825,3425,3),(9826,3426,3),(9827,3427,3),(9828,3428,3),(9829,3429,3),(9830,3430,3),(9831,3431,3),(9832,3432,3),(9833,3433,3),(9834,3434,3),(9835,3435,3),(9836,3436,3),(9837,3437,3),(9838,3438,3),(9839,3439,3),(9840,3440,3),(9841,3441,3),(9842,3442,3),(9843,3443,3),(9844,3444,3),(9845,3445,3),(9846,3446,3),(9847,3447,3),(9848,3448,3),(9849,3449,3),(9850,3450,3),(9851,3451,3),(9852,3452,3),(9853,3453,3),(9854,3454,3),(9855,3455,3),(9856,3456,3),(9857,3457,3),(9858,3458,3),(9859,3459,3),(9860,3460,3),(9861,3461,3),(9862,3462,3),(9863,3463,3),(9864,3464,3),(9865,3465,3),(9866,3466,3),(9867,3467,3),(9868,3468,3),(9869,3469,3),(9870,3470,3),(9871,3471,3),(9872,3472,3),(9873,3473,3),(9874,3474,3),(9875,3475,3),(9876,3476,3),(9877,3477,3),(9878,3478,3),(9879,3479,3),(9880,3480,3),(9881,3481,3),(9882,3482,3),(9883,3483,3),(9884,3484,3),(9885,3485,3),(9886,3486,3),(9887,3487,3),(9888,3488,3),(9889,3489,3),(9890,3490,3),(9891,3491,3),(9892,3492,3),(9893,3493,3),(9894,3494,3),(9895,3495,3),(9896,3496,3),(9897,3497,3),(9898,3498,3),(9899,3499,3),(9900,34100,3),(9901,351,3),(9902,352,3),(9903,353,3),(9904,354,3),(9905,355,3),(9906,356,3),(9907,357,3),(9908,358,3),(9909,359,3),(9910,3510,3),(9911,3511,3),(9912,3512,3),(9913,3513,3),(9914,3514,3),(9915,3515,3),(9916,3516,3),(9917,3517,3),(9918,3518,3),(9919,3519,3),(9920,3520,3),(9921,3521,3),(9922,3522,3),(9923,3523,3),(9924,3524,3),(9925,3525,3),(9926,3526,3),(9927,3527,3),(9928,3528,3),(9929,3529,3),(9930,3530,3),(9931,3531,3),(9932,3532,3),(9933,3533,3),(9934,3534,3),(9935,3535,3),(9936,3536,3),(9937,3537,3),(9938,3538,3),(9939,3539,3),(9940,3540,3),(9941,3541,3),(9942,3542,3),(9943,3543,3),(9944,3544,3),(9945,3545,3),(9946,3546,3),(9947,3547,3),(9948,3548,3),(9949,3549,3),(9950,3550,3),(9951,3551,3),(9952,3552,3),(9953,3553,3),(9954,3554,3),(9955,3555,3),(9956,3556,3),(9957,3557,3),(9958,3558,3),(9959,3559,3),(9960,3560,3),(9961,3561,3),(9962,3562,3),(9963,3563,3),(9964,3564,3),(9965,3565,3),(9966,3566,3),(9967,3567,3),(9968,3568,3),(9969,3569,3),(9970,3570,3),(9971,3571,3),(9972,3572,3),(9973,3573,3),(9974,3574,3),(9975,3575,3),(9976,3576,3),(9977,3577,3),(9978,3578,3),(9979,3579,3),(9980,3580,3),(9981,3581,3),(9982,3582,3),(9983,3583,3),(9984,3584,3),(9985,3585,3),(9986,3586,3),(9987,3587,3),(9988,3588,3),(9989,3589,3),(9990,3590,3),(9991,3591,3),(9992,3592,3),(9993,3593,3),(9994,3594,3),(9995,3595,3),(9996,3596,3),(9997,3597,3),(9998,3598,3),(9999,3599,3),(10000,35100,3),(10001,361,3),(10002,362,3),(10003,363,3),(10004,364,3),(10005,365,3),(10006,366,3),(10007,367,3),(10008,368,3),(10009,369,3),(10010,3610,3),(10011,3611,3),(10012,3612,3),(10013,3613,3),(10014,3614,3),(10015,3615,3),(10016,3616,3),(10017,3617,3),(10018,3618,3),(10019,3619,3),(10020,3620,3),(10021,3621,3),(10022,3622,3),(10023,3623,3),(10024,3624,3),(10025,3625,3),(10026,3626,3),(10027,3627,3),(10028,3628,3),(10029,3629,3),(10030,3630,3),(10031,3631,3),(10032,3632,3),(10033,3633,3),(10034,3634,3),(10035,3635,3),(10036,3636,3),(10037,3637,3),(10038,3638,3),(10039,3639,3),(10040,3640,3),(10041,3641,3),(10042,3642,3),(10043,3643,3),(10044,3644,3),(10045,3645,3),(10046,3646,3),(10047,3647,3),(10048,3648,3),(10049,3649,3),(10050,3650,3),(10051,3651,3),(10052,3652,3),(10053,3653,3),(10054,3654,3),(10055,3655,3),(10056,3656,3),(10057,3657,3),(10058,3658,3),(10059,3659,3),(10060,3660,3),(10061,3661,3),(10062,3662,3),(10063,3663,3),(10064,3664,3),(10065,3665,3),(10066,3666,3),(10067,3667,3),(10068,3668,3),(10069,3669,3),(10070,3670,3),(10071,3671,3),(10072,3672,3),(10073,3673,3),(10074,3674,3),(10075,3675,3),(10076,3676,3),(10077,3677,3),(10078,3678,3),(10079,3679,3),(10080,3680,3),(10081,3681,3),(10082,3682,3),(10083,3683,3),(10084,3684,3),(10085,3685,3),(10086,3686,3),(10087,3687,3),(10088,3688,3),(10089,3689,3),(10090,3690,3),(10091,3691,3),(10092,3692,3),(10093,3693,3),(10094,3694,3),(10095,3695,3),(10096,3696,3),(10097,3697,3),(10098,3698,3),(10099,3699,3),(10100,36100,3),(10101,371,3),(10102,372,3),(10103,373,3),(10104,374,3),(10105,375,3),(10106,376,3),(10107,377,3),(10108,378,3),(10109,379,3),(10110,3710,3),(10111,3711,3),(10112,3712,3),(10113,3713,3),(10114,3714,3),(10115,3715,3),(10116,3716,3),(10117,3717,3),(10118,3718,3),(10119,3719,3),(10120,3720,3),(10121,3721,3),(10122,3722,3),(10123,3723,3),(10124,3724,3),(10125,3725,3),(10126,3726,3),(10127,3727,3),(10128,3728,3),(10129,3729,3),(10130,3730,3),(10131,3731,3),(10132,3732,3),(10133,3733,3),(10134,3734,3),(10135,3735,3),(10136,3736,3),(10137,3737,3),(10138,3738,3),(10139,3739,3),(10140,3740,3),(10141,3741,3),(10142,3742,3),(10143,3743,3),(10144,3744,3),(10145,3745,3),(10146,3746,3),(10147,3747,3),(10148,3748,3),(10149,3749,3),(10150,3750,3),(10151,3751,3),(10152,3752,3),(10153,3753,3),(10154,3754,3),(10155,3755,3),(10156,3756,3),(10157,3757,3),(10158,3758,3),(10159,3759,3),(10160,3760,3),(10161,3761,3),(10162,3762,3),(10163,3763,3),(10164,3764,3),(10165,3765,3),(10166,3766,3),(10167,3767,3),(10168,3768,3),(10169,3769,3),(10170,3770,3),(10171,3771,3),(10172,3772,3),(10173,3773,3),(10174,3774,3),(10175,3775,3),(10176,3776,3),(10177,3777,3),(10178,3778,3),(10179,3779,3),(10180,3780,3),(10181,3781,3),(10182,3782,3),(10183,3783,3),(10184,3784,3),(10185,3785,3),(10186,3786,3),(10187,3787,3),(10188,3788,3),(10189,3789,3),(10190,3790,3),(10191,3791,3),(10192,3792,3),(10193,3793,3),(10194,3794,3),(10195,3795,3),(10196,3796,3),(10197,3797,3),(10198,3798,3),(10199,3799,3),(10200,37100,3),(10201,381,3),(10202,382,3),(10203,383,3),(10204,384,3),(10205,385,3),(10206,386,3),(10207,387,3),(10208,388,3),(10209,389,3),(10210,3810,3),(10211,3811,3),(10212,3812,3),(10213,3813,3),(10214,3814,3),(10215,3815,3),(10216,3816,3),(10217,3817,3),(10218,3818,3),(10219,3819,3),(10220,3820,3),(10221,3821,3),(10222,3822,3),(10223,3823,3),(10224,3824,3),(10225,3825,3),(10226,3826,3),(10227,3827,3),(10228,3828,3),(10229,3829,3),(10230,3830,3),(10231,3831,3),(10232,3832,3),(10233,3833,3),(10234,3834,3),(10235,3835,3),(10236,3836,3),(10237,3837,3),(10238,3838,3),(10239,3839,3),(10240,3840,3),(10241,3841,3),(10242,3842,3),(10243,3843,3),(10244,3844,3),(10245,3845,3),(10246,3846,3),(10247,3847,3),(10248,3848,3),(10249,3849,3),(10250,3850,3),(10251,3851,3),(10252,3852,3),(10253,3853,3),(10254,3854,3),(10255,3855,3),(10256,3856,3),(10257,3857,3),(10258,3858,3),(10259,3859,3),(10260,3860,3),(10261,3861,3),(10262,3862,3),(10263,3863,3),(10264,3864,3),(10265,3865,3),(10266,3866,3),(10267,3867,3),(10268,3868,3),(10269,3869,3),(10270,3870,3),(10271,3871,3),(10272,3872,3),(10273,3873,3),(10274,3874,3),(10275,3875,3),(10276,3876,3),(10277,3877,3),(10278,3878,3),(10279,3879,3),(10280,3880,3),(10281,3881,3),(10282,3882,3),(10283,3883,3),(10284,3884,3),(10285,3885,3),(10286,3886,3),(10287,3887,3),(10288,3888,3),(10289,3889,3),(10290,3890,3),(10291,3891,3),(10292,3892,3),(10293,3893,3),(10294,3894,3),(10295,3895,3),(10296,3896,3),(10297,3897,3),(10298,3898,3),(10299,3899,3),(10300,38100,3),(10301,391,3),(10302,392,3),(10303,393,3),(10304,394,3),(10305,395,3),(10306,396,3),(10307,397,3),(10308,398,3),(10309,399,3),(10310,3910,3),(10311,3911,3),(10312,3912,3),(10313,3913,3),(10314,3914,3),(10315,3915,3),(10316,3916,3),(10317,3917,3),(10318,3918,3),(10319,3919,3),(10320,3920,3),(10321,3921,3),(10322,3922,3),(10323,3923,3),(10324,3924,3),(10325,3925,3),(10326,3926,3),(10327,3927,3),(10328,3928,3),(10329,3929,3),(10330,3930,3),(10331,3931,3),(10332,3932,3),(10333,3933,3),(10334,3934,3),(10335,3935,3),(10336,3936,3),(10337,3937,3),(10338,3938,3),(10339,3939,3),(10340,3940,3),(10341,3941,3),(10342,3942,3),(10343,3943,3),(10344,3944,3),(10345,3945,3),(10346,3946,3),(10347,3947,3),(10348,3948,3),(10349,3949,3),(10350,3950,3),(10351,3951,3),(10352,3952,3),(10353,3953,3),(10354,3954,3),(10355,3955,3),(10356,3956,3),(10357,3957,3),(10358,3958,3),(10359,3959,3),(10360,3960,3),(10361,3961,3),(10362,3962,3),(10363,3963,3),(10364,3964,3),(10365,3965,3),(10366,3966,3),(10367,3967,3),(10368,3968,3),(10369,3969,3),(10370,3970,3),(10371,3971,3),(10372,3972,3),(10373,3973,3),(10374,3974,3),(10375,3975,3),(10376,3976,3),(10377,3977,3),(10378,3978,3),(10379,3979,3),(10380,3980,3),(10381,3981,3),(10382,3982,3),(10383,3983,3),(10384,3984,3),(10385,3985,3),(10386,3986,3),(10387,3987,3),(10388,3988,3),(10389,3989,3),(10390,3990,3),(10391,3991,3),(10392,3992,3),(10393,3993,3),(10394,3994,3),(10395,3995,3),(10396,3996,3),(10397,3997,3),(10398,3998,3),(10399,3999,3),(10400,39100,3),(10401,3101,3),(10402,3102,3),(10403,3103,3),(10404,3104,3),(10405,3105,3),(10406,3106,3),(10407,3107,3),(10408,3108,3),(10409,3109,3),(10410,31010,3),(10411,31011,3),(10412,31012,3),(10413,31013,3),(10414,31014,3),(10415,31015,3),(10416,31016,3),(10417,31017,3),(10418,31018,3),(10419,31019,3),(10420,31020,3),(10421,31021,3),(10422,31022,3),(10423,31023,3),(10424,31024,3),(10425,31025,3),(10426,31026,3),(10427,31027,3),(10428,31028,3),(10429,31029,3),(10430,31030,3),(10431,31031,3),(10432,31032,3),(10433,31033,3),(10434,31034,3),(10435,31035,3),(10436,31036,3),(10437,31037,3),(10438,31038,3),(10439,31039,3),(10440,31040,3),(10441,31041,3),(10442,31042,3),(10443,31043,3),(10444,31044,3),(10445,31045,3),(10446,31046,3),(10447,31047,3),(10448,31048,3),(10449,31049,3),(10450,31050,3),(10451,31051,3),(10452,31052,3),(10453,31053,3),(10454,31054,3),(10455,31055,3),(10456,31056,3),(10457,31057,3),(10458,31058,3),(10459,31059,3),(10460,31060,3),(10461,31061,3),(10462,31062,3),(10463,31063,3),(10464,31064,3),(10465,31065,3),(10466,31066,3),(10467,31067,3),(10468,31068,3),(10469,31069,3),(10470,31070,3),(10471,31071,3),(10472,31072,3),(10473,31073,3),(10474,31074,3),(10475,31075,3),(10476,31076,3),(10477,31077,3),(10478,31078,3),(10479,31079,3),(10480,31080,3),(10481,31081,3),(10482,31082,3),(10483,31083,3),(10484,31084,3),(10485,31085,3),(10486,31086,3),(10487,31087,3),(10488,31088,3),(10489,31089,3),(10490,31090,3),(10491,31091,3),(10492,31092,3),(10493,31093,3),(10494,31094,3),(10495,31095,3),(10496,31096,3),(10497,31097,3),(10498,31098,3),(10499,31099,3),(10500,310100,3),(10501,3111,3),(10502,3112,3),(10503,3113,3),(10504,3114,3),(10505,3115,3),(10506,3116,3),(10507,3117,3),(10508,3118,3),(10509,3119,3),(10510,31110,3),(10511,31111,3),(10512,31112,3),(10513,31113,3),(10514,31114,3),(10515,31115,3),(10516,31116,3),(10517,31117,3),(10518,31118,3),(10519,31119,3),(10520,31120,3),(10521,31121,3),(10522,31122,3),(10523,31123,3),(10524,31124,3),(10525,31125,3),(10526,31126,3),(10527,31127,3),(10528,31128,3),(10529,31129,3),(10530,31130,3),(10531,31131,3),(10532,31132,3),(10533,31133,3),(10534,31134,3),(10535,31135,3),(10536,31136,3),(10537,31137,3),(10538,31138,3),(10539,31139,3),(10540,31140,3),(10541,31141,3),(10542,31142,3),(10543,31143,3),(10544,31144,3),(10545,31145,3),(10546,31146,3),(10547,31147,3),(10548,31148,3),(10549,31149,3),(10550,31150,3),(10551,31151,3),(10552,31152,3),(10553,31153,3),(10554,31154,3),(10555,31155,3),(10556,31156,3),(10557,31157,3),(10558,31158,3),(10559,31159,3),(10560,31160,3),(10561,31161,3),(10562,31162,3),(10563,31163,3),(10564,31164,3),(10565,31165,3),(10566,31166,3),(10567,31167,3),(10568,31168,3),(10569,31169,3),(10570,31170,3),(10571,31171,3),(10572,31172,3),(10573,31173,3),(10574,31174,3),(10575,31175,3),(10576,31176,3),(10577,31177,3),(10578,31178,3),(10579,31179,3),(10580,31180,3),(10581,31181,3),(10582,31182,3),(10583,31183,3),(10584,31184,3),(10585,31185,3),(10586,31186,3),(10587,31187,3),(10588,31188,3),(10589,31189,3),(10590,31190,3),(10591,31191,3),(10592,31192,3),(10593,31193,3),(10594,31194,3),(10595,31195,3),(10596,31196,3),(10597,31197,3),(10598,31198,3),(10599,31199,3),(10600,311100,3),(10601,3121,3),(10602,3122,3),(10603,3123,3),(10604,3124,3),(10605,3125,3),(10606,3126,3),(10607,3127,3),(10608,3128,3),(10609,3129,3),(10610,31210,3),(10611,31211,3),(10612,31212,3),(10613,31213,3),(10614,31214,3),(10615,31215,3),(10616,31216,3),(10617,31217,3),(10618,31218,3),(10619,31219,3),(10620,31220,3),(10621,31221,3),(10622,31222,3),(10623,31223,3),(10624,31224,3),(10625,31225,3),(10626,31226,3),(10627,31227,3),(10628,31228,3),(10629,31229,3),(10630,31230,3),(10631,31231,3),(10632,31232,3),(10633,31233,3),(10634,31234,3),(10635,31235,3),(10636,31236,3),(10637,31237,3),(10638,31238,3),(10639,31239,3),(10640,31240,3),(10641,31241,3),(10642,31242,3),(10643,31243,3),(10644,31244,3),(10645,31245,3),(10646,31246,3),(10647,31247,3),(10648,31248,3),(10649,31249,3),(10650,31250,3),(10651,31251,3),(10652,31252,3),(10653,31253,3),(10654,31254,3),(10655,31255,3),(10656,31256,3),(10657,31257,3),(10658,31258,3),(10659,31259,3),(10660,31260,3),(10661,31261,3),(10662,31262,3),(10663,31263,3),(10664,31264,3),(10665,31265,3),(10666,31266,3),(10667,31267,3),(10668,31268,3),(10669,31269,3),(10670,31270,3),(10671,31271,3),(10672,31272,3),(10673,31273,3),(10674,31274,3),(10675,31275,3),(10676,31276,3),(10677,31277,3),(10678,31278,3),(10679,31279,3),(10680,31280,3),(10681,31281,3),(10682,31282,3),(10683,31283,3),(10684,31284,3),(10685,31285,3),(10686,31286,3),(10687,31287,3),(10688,31288,3),(10689,31289,3),(10690,31290,3),(10691,31291,3),(10692,31292,3),(10693,31293,3),(10694,31294,3),(10695,31295,3),(10696,31296,3),(10697,31297,3),(10698,31298,3),(10699,31299,3),(10700,312100,3),(10701,3131,3),(10702,3132,3),(10703,3133,3),(10704,3134,3),(10705,3135,3),(10706,3136,3),(10707,3137,3),(10708,3138,3),(10709,3139,3),(10710,31310,3),(10711,31311,3),(10712,31312,3),(10713,31313,3),(10714,31314,3),(10715,31315,3),(10716,31316,3),(10717,31317,3),(10718,31318,3),(10719,31319,3),(10720,31320,3),(10721,31321,3),(10722,31322,3),(10723,31323,3),(10724,31324,3),(10725,31325,3),(10726,31326,3),(10727,31327,3),(10728,31328,3),(10729,31329,3),(10730,31330,3),(10731,31331,3),(10732,31332,3),(10733,31333,3),(10734,31334,3),(10735,31335,3),(10736,31336,3),(10737,31337,3),(10738,31338,3),(10739,31339,3),(10740,31340,3),(10741,31341,3),(10742,31342,3),(10743,31343,3),(10744,31344,3),(10745,31345,3),(10746,31346,3),(10747,31347,3),(10748,31348,3),(10749,31349,3),(10750,31350,3),(10751,31351,3),(10752,31352,3),(10753,31353,3),(10754,31354,3),(10755,31355,3),(10756,31356,3),(10757,31357,3),(10758,31358,3),(10759,31359,3),(10760,31360,3),(10761,31361,3),(10762,31362,3),(10763,31363,3),(10764,31364,3),(10765,31365,3),(10766,31366,3),(10767,31367,3),(10768,31368,3),(10769,31369,3),(10770,31370,3),(10771,31371,3),(10772,31372,3),(10773,31373,3),(10774,31374,3),(10775,31375,3),(10776,31376,3),(10777,31377,3),(10778,31378,3),(10779,31379,3),(10780,31380,3),(10781,31381,3),(10782,31382,3),(10783,31383,3),(10784,31384,3),(10785,31385,3),(10786,31386,3),(10787,31387,3),(10788,31388,3),(10789,31389,3),(10790,31390,3),(10791,31391,3),(10792,31392,3),(10793,31393,3),(10794,31394,3),(10795,31395,3),(10796,31396,3),(10797,31397,3),(10798,31398,3),(10799,31399,3),(10800,313100,3),(10801,3141,3),(10802,3142,3),(10803,3143,3),(10804,3144,3),(10805,3145,3),(10806,3146,3),(10807,3147,3),(10808,3148,3),(10809,3149,3),(10810,31410,3),(10811,31411,3),(10812,31412,3),(10813,31413,3),(10814,31414,3),(10815,31415,3),(10816,31416,3),(10817,31417,3),(10818,31418,3),(10819,31419,3),(10820,31420,3),(10821,31421,3),(10822,31422,3),(10823,31423,3),(10824,31424,3),(10825,31425,3),(10826,31426,3),(10827,31427,3),(10828,31428,3),(10829,31429,3),(10830,31430,3),(10831,31431,3),(10832,31432,3),(10833,31433,3),(10834,31434,3),(10835,31435,3),(10836,31436,3),(10837,31437,3),(10838,31438,3),(10839,31439,3),(10840,31440,3),(10841,31441,3),(10842,31442,3),(10843,31443,3),(10844,31444,3),(10845,31445,3),(10846,31446,3),(10847,31447,3),(10848,31448,3),(10849,31449,3),(10850,31450,3),(10851,31451,3),(10852,31452,3),(10853,31453,3),(10854,31454,3),(10855,31455,3),(10856,31456,3),(10857,31457,3),(10858,31458,3),(10859,31459,3),(10860,31460,3),(10861,31461,3),(10862,31462,3),(10863,31463,3),(10864,31464,3),(10865,31465,3),(10866,31466,3),(10867,31467,3),(10868,31468,3),(10869,31469,3),(10870,31470,3),(10871,31471,3),(10872,31472,3),(10873,31473,3),(10874,31474,3),(10875,31475,3),(10876,31476,3),(10877,31477,3),(10878,31478,3),(10879,31479,3),(10880,31480,3),(10881,31481,3),(10882,31482,3),(10883,31483,3),(10884,31484,3),(10885,31485,3),(10886,31486,3),(10887,31487,3),(10888,31488,3),(10889,31489,3),(10890,31490,3),(10891,31491,3),(10892,31492,3),(10893,31493,3),(10894,31494,3),(10895,31495,3),(10896,31496,3),(10897,31497,3),(10898,31498,3),(10899,31499,3),(10900,314100,3),(10901,3151,3),(10902,3152,3),(10903,3153,3),(10904,3154,3),(10905,3155,3),(10906,3156,3),(10907,3157,3),(10908,3158,3),(10909,3159,3),(10910,31510,3),(10911,31511,3),(10912,31512,3),(10913,31513,3),(10914,31514,3),(10915,31515,3),(10916,31516,3),(10917,31517,3),(10918,31518,3),(10919,31519,3),(10920,31520,3),(10921,31521,3),(10922,31522,3),(10923,31523,3),(10924,31524,3),(10925,31525,3),(10926,31526,3),(10927,31527,3),(10928,31528,3),(10929,31529,3),(10930,31530,3),(10931,31531,3),(10932,31532,3),(10933,31533,3),(10934,31534,3),(10935,31535,3),(10936,31536,3),(10937,31537,3),(10938,31538,3),(10939,31539,3),(10940,31540,3),(10941,31541,3),(10942,31542,3),(10943,31543,3),(10944,31544,3),(10945,31545,3),(10946,31546,3),(10947,31547,3),(10948,31548,3),(10949,31549,3),(10950,31550,3),(10951,31551,3),(10952,31552,3),(10953,31553,3),(10954,31554,3),(10955,31555,3),(10956,31556,3),(10957,31557,3),(10958,31558,3),(10959,31559,3),(10960,31560,3),(10961,31561,3),(10962,31562,3),(10963,31563,3),(10964,31564,3),(10965,31565,3),(10966,31566,3),(10967,31567,3),(10968,31568,3),(10969,31569,3),(10970,31570,3),(10971,31571,3),(10972,31572,3),(10973,31573,3),(10974,31574,3),(10975,31575,3),(10976,31576,3),(10977,31577,3),(10978,31578,3),(10979,31579,3),(10980,31580,3),(10981,31581,3),(10982,31582,3),(10983,31583,3),(10984,31584,3),(10985,31585,3),(10986,31586,3),(10987,31587,3),(10988,31588,3),(10989,31589,3),(10990,31590,3),(10991,31591,3),(10992,31592,3),(10993,31593,3),(10994,31594,3),(10995,31595,3),(10996,31596,3),(10997,31597,3),(10998,31598,3),(10999,31599,3),(11000,315100,3),(11001,411,4),(11002,412,4),(11003,413,4),(11004,414,4),(11005,415,4),(11006,416,4),(11007,417,4),(11008,418,4),(11009,419,4),(11010,4110,4),(11011,4111,4),(11012,4112,4),(11013,4113,4),(11014,4114,4),(11015,4115,4),(11016,4116,4),(11017,4117,4),(11018,4118,4),(11019,4119,4),(11020,4120,4),(11021,4121,4),(11022,4122,4),(11023,4123,4),(11024,4124,4),(11025,4125,4),(11026,4126,4),(11027,4127,4),(11028,4128,4),(11029,4129,4),(11030,4130,4),(11031,4131,4),(11032,4132,4),(11033,4133,4),(11034,4134,4),(11035,4135,4),(11036,4136,4),(11037,4137,4),(11038,4138,4),(11039,4139,4),(11040,4140,4),(11041,4141,4),(11042,4142,4),(11043,4143,4),(11044,4144,4),(11045,4145,4),(11046,4146,4),(11047,4147,4),(11048,4148,4),(11049,4149,4),(11050,4150,4),(11051,4151,4),(11052,4152,4),(11053,4153,4),(11054,4154,4),(11055,4155,4),(11056,4156,4),(11057,4157,4),(11058,4158,4),(11059,4159,4),(11060,4160,4),(11061,4161,4),(11062,4162,4),(11063,4163,4),(11064,4164,4),(11065,4165,4),(11066,4166,4),(11067,4167,4),(11068,4168,4),(11069,4169,4),(11070,4170,4),(11071,4171,4),(11072,4172,4),(11073,4173,4),(11074,4174,4),(11075,4175,4),(11076,4176,4),(11077,4177,4),(11078,4178,4),(11079,4179,4),(11080,4180,4),(11081,4181,4),(11082,4182,4),(11083,4183,4),(11084,4184,4),(11085,4185,4),(11086,4186,4),(11087,4187,4),(11088,4188,4),(11089,4189,4),(11090,4190,4),(11091,4191,4),(11092,4192,4),(11093,4193,4),(11094,4194,4),(11095,4195,4),(11096,4196,4),(11097,4197,4),(11098,4198,4),(11099,4199,4),(11100,41100,4),(11101,421,4),(11102,422,4),(11103,423,4),(11104,424,4),(11105,425,4),(11106,426,4),(11107,427,4),(11108,428,4),(11109,429,4),(11110,4210,4),(11111,4211,4),(11112,4212,4),(11113,4213,4),(11114,4214,4),(11115,4215,4),(11116,4216,4),(11117,4217,4),(11118,4218,4),(11119,4219,4),(11120,4220,4),(11121,4221,4),(11122,4222,4),(11123,4223,4),(11124,4224,4),(11125,4225,4),(11126,4226,4),(11127,4227,4),(11128,4228,4),(11129,4229,4),(11130,4230,4),(11131,4231,4),(11132,4232,4),(11133,4233,4),(11134,4234,4),(11135,4235,4),(11136,4236,4),(11137,4237,4),(11138,4238,4),(11139,4239,4),(11140,4240,4),(11141,4241,4),(11142,4242,4),(11143,4243,4),(11144,4244,4),(11145,4245,4),(11146,4246,4),(11147,4247,4),(11148,4248,4),(11149,4249,4),(11150,4250,4),(11151,4251,4),(11152,4252,4),(11153,4253,4),(11154,4254,4),(11155,4255,4),(11156,4256,4),(11157,4257,4),(11158,4258,4),(11159,4259,4),(11160,4260,4),(11161,4261,4),(11162,4262,4),(11163,4263,4),(11164,4264,4),(11165,4265,4),(11166,4266,4),(11167,4267,4),(11168,4268,4),(11169,4269,4),(11170,4270,4),(11171,4271,4),(11172,4272,4),(11173,4273,4),(11174,4274,4),(11175,4275,4),(11176,4276,4),(11177,4277,4),(11178,4278,4),(11179,4279,4),(11180,4280,4),(11181,4281,4),(11182,4282,4),(11183,4283,4),(11184,4284,4),(11185,4285,4),(11186,4286,4),(11187,4287,4),(11188,4288,4),(11189,4289,4),(11190,4290,4),(11191,4291,4),(11192,4292,4),(11193,4293,4),(11194,4294,4),(11195,4295,4),(11196,4296,4),(11197,4297,4),(11198,4298,4),(11199,4299,4),(11200,42100,4),(11201,431,4),(11202,432,4),(11203,433,4),(11204,434,4),(11205,435,4),(11206,436,4),(11207,437,4),(11208,438,4),(11209,439,4),(11210,4310,4),(11211,4311,4),(11212,4312,4),(11213,4313,4),(11214,4314,4),(11215,4315,4),(11216,4316,4),(11217,4317,4),(11218,4318,4),(11219,4319,4),(11220,4320,4),(11221,4321,4),(11222,4322,4),(11223,4323,4),(11224,4324,4),(11225,4325,4),(11226,4326,4),(11227,4327,4),(11228,4328,4),(11229,4329,4),(11230,4330,4),(11231,4331,4),(11232,4332,4),(11233,4333,4),(11234,4334,4),(11235,4335,4),(11236,4336,4),(11237,4337,4),(11238,4338,4),(11239,4339,4),(11240,4340,4),(11241,4341,4),(11242,4342,4),(11243,4343,4),(11244,4344,4),(11245,4345,4),(11246,4346,4),(11247,4347,4),(11248,4348,4),(11249,4349,4),(11250,4350,4),(11251,4351,4),(11252,4352,4),(11253,4353,4),(11254,4354,4),(11255,4355,4),(11256,4356,4),(11257,4357,4),(11258,4358,4),(11259,4359,4),(11260,4360,4),(11261,4361,4),(11262,4362,4),(11263,4363,4),(11264,4364,4),(11265,4365,4),(11266,4366,4),(11267,4367,4),(11268,4368,4),(11269,4369,4),(11270,4370,4),(11271,4371,4),(11272,4372,4),(11273,4373,4),(11274,4374,4),(11275,4375,4),(11276,4376,4),(11277,4377,4),(11278,4378,4),(11279,4379,4),(11280,4380,4),(11281,4381,4),(11282,4382,4),(11283,4383,4),(11284,4384,4),(11285,4385,4),(11286,4386,4),(11287,4387,4),(11288,4388,4),(11289,4389,4),(11290,4390,4),(11291,4391,4),(11292,4392,4),(11293,4393,4),(11294,4394,4),(11295,4395,4),(11296,4396,4),(11297,4397,4),(11298,4398,4),(11299,4399,4),(11300,43100,4),(11301,441,4),(11302,442,4),(11303,443,4),(11304,444,4),(11305,445,4),(11306,446,4),(11307,447,4),(11308,448,4),(11309,449,4),(11310,4410,4),(11311,4411,4),(11312,4412,4),(11313,4413,4),(11314,4414,4),(11315,4415,4),(11316,4416,4),(11317,4417,4),(11318,4418,4),(11319,4419,4),(11320,4420,4),(11321,4421,4),(11322,4422,4),(11323,4423,4),(11324,4424,4),(11325,4425,4),(11326,4426,4),(11327,4427,4),(11328,4428,4),(11329,4429,4),(11330,4430,4),(11331,4431,4),(11332,4432,4),(11333,4433,4),(11334,4434,4),(11335,4435,4),(11336,4436,4),(11337,4437,4),(11338,4438,4),(11339,4439,4),(11340,4440,4),(11341,4441,4),(11342,4442,4),(11343,4443,4),(11344,4444,4),(11345,4445,4),(11346,4446,4),(11347,4447,4),(11348,4448,4),(11349,4449,4),(11350,4450,4),(11351,4451,4),(11352,4452,4),(11353,4453,4),(11354,4454,4),(11355,4455,4),(11356,4456,4),(11357,4457,4),(11358,4458,4),(11359,4459,4),(11360,4460,4),(11361,4461,4),(11362,4462,4),(11363,4463,4),(11364,4464,4),(11365,4465,4),(11366,4466,4),(11367,4467,4),(11368,4468,4),(11369,4469,4),(11370,4470,4),(11371,4471,4),(11372,4472,4),(11373,4473,4),(11374,4474,4),(11375,4475,4),(11376,4476,4),(11377,4477,4),(11378,4478,4),(11379,4479,4),(11380,4480,4),(11381,4481,4),(11382,4482,4),(11383,4483,4),(11384,4484,4),(11385,4485,4),(11386,4486,4),(11387,4487,4),(11388,4488,4),(11389,4489,4),(11390,4490,4),(11391,4491,4),(11392,4492,4),(11393,4493,4),(11394,4494,4),(11395,4495,4),(11396,4496,4),(11397,4497,4),(11398,4498,4),(11399,4499,4),(11400,44100,4),(11401,451,4),(11402,452,4),(11403,453,4),(11404,454,4),(11405,455,4),(11406,456,4),(11407,457,4),(11408,458,4),(11409,459,4),(11410,4510,4),(11411,4511,4),(11412,4512,4),(11413,4513,4),(11414,4514,4),(11415,4515,4),(11416,4516,4),(11417,4517,4),(11418,4518,4),(11419,4519,4),(11420,4520,4),(11421,4521,4),(11422,4522,4),(11423,4523,4),(11424,4524,4),(11425,4525,4),(11426,4526,4),(11427,4527,4),(11428,4528,4),(11429,4529,4),(11430,4530,4),(11431,4531,4),(11432,4532,4),(11433,4533,4),(11434,4534,4),(11435,4535,4),(11436,4536,4),(11437,4537,4),(11438,4538,4),(11439,4539,4),(11440,4540,4),(11441,4541,4),(11442,4542,4),(11443,4543,4),(11444,4544,4),(11445,4545,4),(11446,4546,4),(11447,4547,4),(11448,4548,4),(11449,4549,4),(11450,4550,4),(11451,4551,4),(11452,4552,4),(11453,4553,4),(11454,4554,4),(11455,4555,4),(11456,4556,4),(11457,4557,4),(11458,4558,4),(11459,4559,4),(11460,4560,4),(11461,4561,4),(11462,4562,4),(11463,4563,4),(11464,4564,4),(11465,4565,4),(11466,4566,4),(11467,4567,4),(11468,4568,4),(11469,4569,4),(11470,4570,4),(11471,4571,4),(11472,4572,4),(11473,4573,4),(11474,4574,4),(11475,4575,4),(11476,4576,4),(11477,4577,4),(11478,4578,4),(11479,4579,4),(11480,4580,4),(11481,4581,4),(11482,4582,4),(11483,4583,4),(11484,4584,4),(11485,4585,4),(11486,4586,4),(11487,4587,4),(11488,4588,4),(11489,4589,4),(11490,4590,4),(11491,4591,4),(11492,4592,4),(11493,4593,4),(11494,4594,4),(11495,4595,4),(11496,4596,4),(11497,4597,4),(11498,4598,4),(11499,4599,4),(11500,45100,4),(11501,461,4),(11502,462,4),(11503,463,4),(11504,464,4),(11505,465,4),(11506,466,4),(11507,467,4),(11508,468,4),(11509,469,4),(11510,4610,4),(11511,4611,4),(11512,4612,4),(11513,4613,4),(11514,4614,4),(11515,4615,4),(11516,4616,4),(11517,4617,4),(11518,4618,4),(11519,4619,4),(11520,4620,4),(11521,4621,4),(11522,4622,4),(11523,4623,4),(11524,4624,4),(11525,4625,4),(11526,4626,4),(11527,4627,4),(11528,4628,4),(11529,4629,4),(11530,4630,4),(11531,4631,4),(11532,4632,4),(11533,4633,4),(11534,4634,4),(11535,4635,4),(11536,4636,4),(11537,4637,4),(11538,4638,4),(11539,4639,4),(11540,4640,4),(11541,4641,4),(11542,4642,4),(11543,4643,4),(11544,4644,4),(11545,4645,4),(11546,4646,4),(11547,4647,4),(11548,4648,4),(11549,4649,4),(11550,4650,4),(11551,4651,4),(11552,4652,4),(11553,4653,4),(11554,4654,4),(11555,4655,4),(11556,4656,4),(11557,4657,4),(11558,4658,4),(11559,4659,4),(11560,4660,4),(11561,4661,4),(11562,4662,4),(11563,4663,4),(11564,4664,4),(11565,4665,4),(11566,4666,4),(11567,4667,4),(11568,4668,4),(11569,4669,4),(11570,4670,4),(11571,4671,4),(11572,4672,4),(11573,4673,4),(11574,4674,4),(11575,4675,4),(11576,4676,4),(11577,4677,4),(11578,4678,4),(11579,4679,4),(11580,4680,4),(11581,4681,4),(11582,4682,4),(11583,4683,4),(11584,4684,4),(11585,4685,4),(11586,4686,4),(11587,4687,4),(11588,4688,4),(11589,4689,4),(11590,4690,4),(11591,4691,4),(11592,4692,4),(11593,4693,4),(11594,4694,4),(11595,4695,4),(11596,4696,4),(11597,4697,4),(11598,4698,4),(11599,4699,4),(11600,46100,4),(11601,471,4),(11602,472,4),(11603,473,4),(11604,474,4),(11605,475,4),(11606,476,4),(11607,477,4),(11608,478,4),(11609,479,4),(11610,4710,4),(11611,4711,4),(11612,4712,4),(11613,4713,4),(11614,4714,4),(11615,4715,4),(11616,4716,4),(11617,4717,4),(11618,4718,4),(11619,4719,4),(11620,4720,4),(11621,4721,4),(11622,4722,4),(11623,4723,4),(11624,4724,4),(11625,4725,4),(11626,4726,4),(11627,4727,4),(11628,4728,4),(11629,4729,4),(11630,4730,4),(11631,4731,4),(11632,4732,4),(11633,4733,4),(11634,4734,4),(11635,4735,4),(11636,4736,4),(11637,4737,4),(11638,4738,4),(11639,4739,4),(11640,4740,4),(11641,4741,4),(11642,4742,4),(11643,4743,4),(11644,4744,4),(11645,4745,4),(11646,4746,4),(11647,4747,4),(11648,4748,4),(11649,4749,4),(11650,4750,4),(11651,4751,4),(11652,4752,4),(11653,4753,4),(11654,4754,4),(11655,4755,4),(11656,4756,4),(11657,4757,4),(11658,4758,4),(11659,4759,4),(11660,4760,4),(11661,4761,4),(11662,4762,4),(11663,4763,4),(11664,4764,4),(11665,4765,4),(11666,4766,4),(11667,4767,4),(11668,4768,4),(11669,4769,4),(11670,4770,4),(11671,4771,4),(11672,4772,4),(11673,4773,4),(11674,4774,4),(11675,4775,4),(11676,4776,4),(11677,4777,4),(11678,4778,4),(11679,4779,4),(11680,4780,4),(11681,4781,4),(11682,4782,4),(11683,4783,4),(11684,4784,4),(11685,4785,4),(11686,4786,4),(11687,4787,4),(11688,4788,4),(11689,4789,4),(11690,4790,4),(11691,4791,4),(11692,4792,4),(11693,4793,4),(11694,4794,4),(11695,4795,4),(11696,4796,4),(11697,4797,4),(11698,4798,4),(11699,4799,4),(11700,47100,4),(11701,481,4),(11702,482,4),(11703,483,4),(11704,484,4),(11705,485,4),(11706,486,4),(11707,487,4),(11708,488,4),(11709,489,4),(11710,4810,4),(11711,4811,4),(11712,4812,4),(11713,4813,4),(11714,4814,4),(11715,4815,4),(11716,4816,4),(11717,4817,4),(11718,4818,4),(11719,4819,4),(11720,4820,4),(11721,4821,4),(11722,4822,4),(11723,4823,4),(11724,4824,4),(11725,4825,4),(11726,4826,4),(11727,4827,4),(11728,4828,4),(11729,4829,4),(11730,4830,4),(11731,4831,4),(11732,4832,4),(11733,4833,4),(11734,4834,4),(11735,4835,4),(11736,4836,4),(11737,4837,4),(11738,4838,4),(11739,4839,4),(11740,4840,4),(11741,4841,4),(11742,4842,4),(11743,4843,4),(11744,4844,4),(11745,4845,4),(11746,4846,4),(11747,4847,4),(11748,4848,4),(11749,4849,4),(11750,4850,4),(11751,4851,4),(11752,4852,4),(11753,4853,4),(11754,4854,4),(11755,4855,4),(11756,4856,4),(11757,4857,4),(11758,4858,4),(11759,4859,4),(11760,4860,4),(11761,4861,4),(11762,4862,4),(11763,4863,4),(11764,4864,4),(11765,4865,4),(11766,4866,4),(11767,4867,4),(11768,4868,4),(11769,4869,4),(11770,4870,4),(11771,4871,4),(11772,4872,4),(11773,4873,4),(11774,4874,4),(11775,4875,4),(11776,4876,4),(11777,4877,4),(11778,4878,4),(11779,4879,4),(11780,4880,4),(11781,4881,4),(11782,4882,4),(11783,4883,4),(11784,4884,4),(11785,4885,4),(11786,4886,4),(11787,4887,4),(11788,4888,4),(11789,4889,4),(11790,4890,4),(11791,4891,4),(11792,4892,4),(11793,4893,4),(11794,4894,4),(11795,4895,4),(11796,4896,4),(11797,4897,4),(11798,4898,4),(11799,4899,4),(11800,48100,4),(11801,491,4),(11802,492,4),(11803,493,4),(11804,494,4),(11805,495,4),(11806,496,4),(11807,497,4),(11808,498,4),(11809,499,4),(11810,4910,4),(11811,4911,4),(11812,4912,4),(11813,4913,4),(11814,4914,4),(11815,4915,4),(11816,4916,4),(11817,4917,4),(11818,4918,4),(11819,4919,4),(11820,4920,4),(11821,4921,4),(11822,4922,4),(11823,4923,4),(11824,4924,4),(11825,4925,4),(11826,4926,4),(11827,4927,4),(11828,4928,4),(11829,4929,4),(11830,4930,4),(11831,4931,4),(11832,4932,4),(11833,4933,4),(11834,4934,4),(11835,4935,4),(11836,4936,4),(11837,4937,4),(11838,4938,4),(11839,4939,4),(11840,4940,4),(11841,4941,4),(11842,4942,4),(11843,4943,4),(11844,4944,4),(11845,4945,4),(11846,4946,4),(11847,4947,4),(11848,4948,4),(11849,4949,4),(11850,4950,4),(11851,4951,4),(11852,4952,4),(11853,4953,4),(11854,4954,4),(11855,4955,4),(11856,4956,4),(11857,4957,4),(11858,4958,4),(11859,4959,4),(11860,4960,4),(11861,4961,4),(11862,4962,4),(11863,4963,4),(11864,4964,4),(11865,4965,4),(11866,4966,4),(11867,4967,4),(11868,4968,4),(11869,4969,4),(11870,4970,4),(11871,4971,4),(11872,4972,4),(11873,4973,4),(11874,4974,4),(11875,4975,4),(11876,4976,4),(11877,4977,4),(11878,4978,4),(11879,4979,4),(11880,4980,4),(11881,4981,4),(11882,4982,4),(11883,4983,4),(11884,4984,4),(11885,4985,4),(11886,4986,4),(11887,4987,4),(11888,4988,4),(11889,4989,4),(11890,4990,4),(11891,4991,4),(11892,4992,4),(11893,4993,4),(11894,4994,4),(11895,4995,4),(11896,4996,4),(11897,4997,4),(11898,4998,4),(11899,4999,4),(11900,49100,4),(11901,4101,4),(11902,4102,4),(11903,4103,4),(11904,4104,4),(11905,4105,4),(11906,4106,4),(11907,4107,4),(11908,4108,4),(11909,4109,4),(11910,41010,4),(11911,41011,4),(11912,41012,4),(11913,41013,4),(11914,41014,4),(11915,41015,4),(11916,41016,4),(11917,41017,4),(11918,41018,4),(11919,41019,4),(11920,41020,4),(11921,41021,4),(11922,41022,4),(11923,41023,4),(11924,41024,4),(11925,41025,4),(11926,41026,4),(11927,41027,4),(11928,41028,4),(11929,41029,4),(11930,41030,4),(11931,41031,4),(11932,41032,4),(11933,41033,4),(11934,41034,4),(11935,41035,4),(11936,41036,4),(11937,41037,4),(11938,41038,4),(11939,41039,4),(11940,41040,4),(11941,41041,4),(11942,41042,4),(11943,41043,4),(11944,41044,4),(11945,41045,4),(11946,41046,4),(11947,41047,4),(11948,41048,4),(11949,41049,4),(11950,41050,4),(11951,41051,4),(11952,41052,4),(11953,41053,4),(11954,41054,4),(11955,41055,4),(11956,41056,4),(11957,41057,4),(11958,41058,4),(11959,41059,4),(11960,41060,4),(11961,41061,4),(11962,41062,4),(11963,41063,4),(11964,41064,4),(11965,41065,4),(11966,41066,4),(11967,41067,4),(11968,41068,4),(11969,41069,4),(11970,41070,4),(11971,41071,4),(11972,41072,4),(11973,41073,4),(11974,41074,4),(11975,41075,4),(11976,41076,4),(11977,41077,4),(11978,41078,4),(11979,41079,4),(11980,41080,4),(11981,41081,4),(11982,41082,4),(11983,41083,4),(11984,41084,4),(11985,41085,4),(11986,41086,4),(11987,41087,4),(11988,41088,4),(11989,41089,4),(11990,41090,4),(11991,41091,4),(11992,41092,4),(11993,41093,4),(11994,41094,4),(11995,41095,4),(11996,41096,4),(11997,41097,4),(11998,41098,4),(11999,41099,4),(12000,410100,4),(12001,4111,4),(12002,4112,4),(12003,4113,4),(12004,4114,4),(12005,4115,4),(12006,4116,4),(12007,4117,4),(12008,4118,4),(12009,4119,4),(12010,41110,4),(12011,41111,4),(12012,41112,4),(12013,41113,4),(12014,41114,4),(12015,41115,4),(12016,41116,4),(12017,41117,4),(12018,41118,4),(12019,41119,4),(12020,41120,4),(12021,41121,4),(12022,41122,4),(12023,41123,4),(12024,41124,4),(12025,41125,4),(12026,41126,4),(12027,41127,4),(12028,41128,4),(12029,41129,4),(12030,41130,4),(12031,41131,4),(12032,41132,4),(12033,41133,4),(12034,41134,4),(12035,41135,4),(12036,41136,4),(12037,41137,4),(12038,41138,4),(12039,41139,4),(12040,41140,4),(12041,41141,4),(12042,41142,4),(12043,41143,4),(12044,41144,4),(12045,41145,4),(12046,41146,4),(12047,41147,4),(12048,41148,4),(12049,41149,4),(12050,41150,4),(12051,41151,4),(12052,41152,4),(12053,41153,4),(12054,41154,4),(12055,41155,4),(12056,41156,4),(12057,41157,4),(12058,41158,4),(12059,41159,4),(12060,41160,4),(12061,41161,4),(12062,41162,4),(12063,41163,4),(12064,41164,4),(12065,41165,4),(12066,41166,4),(12067,41167,4),(12068,41168,4),(12069,41169,4),(12070,41170,4),(12071,41171,4),(12072,41172,4),(12073,41173,4),(12074,41174,4),(12075,41175,4),(12076,41176,4),(12077,41177,4),(12078,41178,4),(12079,41179,4),(12080,41180,4),(12081,41181,4),(12082,41182,4),(12083,41183,4),(12084,41184,4),(12085,41185,4),(12086,41186,4),(12087,41187,4),(12088,41188,4),(12089,41189,4),(12090,41190,4),(12091,41191,4),(12092,41192,4),(12093,41193,4),(12094,41194,4),(12095,41195,4),(12096,41196,4),(12097,41197,4),(12098,41198,4),(12099,41199,4),(12100,411100,4),(12101,4121,4),(12102,4122,4),(12103,4123,4),(12104,4124,4),(12105,4125,4),(12106,4126,4),(12107,4127,4),(12108,4128,4),(12109,4129,4),(12110,41210,4),(12111,41211,4),(12112,41212,4),(12113,41213,4),(12114,41214,4),(12115,41215,4),(12116,41216,4),(12117,41217,4),(12118,41218,4),(12119,41219,4),(12120,41220,4),(12121,41221,4),(12122,41222,4),(12123,41223,4),(12124,41224,4),(12125,41225,4),(12126,41226,4),(12127,41227,4),(12128,41228,4),(12129,41229,4),(12130,41230,4),(12131,41231,4),(12132,41232,4),(12133,41233,4),(12134,41234,4),(12135,41235,4),(12136,41236,4),(12137,41237,4),(12138,41238,4),(12139,41239,4),(12140,41240,4),(12141,41241,4),(12142,41242,4),(12143,41243,4),(12144,41244,4),(12145,41245,4),(12146,41246,4),(12147,41247,4),(12148,41248,4),(12149,41249,4),(12150,41250,4),(12151,41251,4),(12152,41252,4),(12153,41253,4),(12154,41254,4),(12155,41255,4),(12156,41256,4),(12157,41257,4),(12158,41258,4),(12159,41259,4),(12160,41260,4),(12161,41261,4),(12162,41262,4),(12163,41263,4),(12164,41264,4),(12165,41265,4),(12166,41266,4),(12167,41267,4),(12168,41268,4),(12169,41269,4),(12170,41270,4),(12171,41271,4),(12172,41272,4),(12173,41273,4),(12174,41274,4),(12175,41275,4),(12176,41276,4),(12177,41277,4),(12178,41278,4),(12179,41279,4),(12180,41280,4),(12181,41281,4),(12182,41282,4),(12183,41283,4),(12184,41284,4),(12185,41285,4),(12186,41286,4),(12187,41287,4),(12188,41288,4),(12189,41289,4),(12190,41290,4),(12191,41291,4),(12192,41292,4),(12193,41293,4),(12194,41294,4),(12195,41295,4),(12196,41296,4),(12197,41297,4),(12198,41298,4),(12199,41299,4),(12200,412100,4),(12201,4131,4),(12202,4132,4),(12203,4133,4),(12204,4134,4),(12205,4135,4),(12206,4136,4),(12207,4137,4),(12208,4138,4),(12209,4139,4),(12210,41310,4),(12211,41311,4),(12212,41312,4),(12213,41313,4),(12214,41314,4),(12215,41315,4),(12216,41316,4),(12217,41317,4),(12218,41318,4),(12219,41319,4),(12220,41320,4),(12221,41321,4),(12222,41322,4),(12223,41323,4),(12224,41324,4),(12225,41325,4),(12226,41326,4),(12227,41327,4),(12228,41328,4),(12229,41329,4),(12230,41330,4),(12231,41331,4),(12232,41332,4),(12233,41333,4),(12234,41334,4),(12235,41335,4),(12236,41336,4),(12237,41337,4),(12238,41338,4),(12239,41339,4),(12240,41340,4),(12241,41341,4),(12242,41342,4),(12243,41343,4),(12244,41344,4),(12245,41345,4),(12246,41346,4),(12247,41347,4),(12248,41348,4),(12249,41349,4),(12250,41350,4),(12251,41351,4),(12252,41352,4),(12253,41353,4),(12254,41354,4),(12255,41355,4),(12256,41356,4),(12257,41357,4),(12258,41358,4),(12259,41359,4),(12260,41360,4),(12261,41361,4),(12262,41362,4),(12263,41363,4),(12264,41364,4),(12265,41365,4),(12266,41366,4),(12267,41367,4),(12268,41368,4),(12269,41369,4),(12270,41370,4),(12271,41371,4),(12272,41372,4),(12273,41373,4),(12274,41374,4),(12275,41375,4),(12276,41376,4),(12277,41377,4),(12278,41378,4),(12279,41379,4),(12280,41380,4),(12281,41381,4),(12282,41382,4),(12283,41383,4),(12284,41384,4),(12285,41385,4),(12286,41386,4),(12287,41387,4),(12288,41388,4),(12289,41389,4),(12290,41390,4),(12291,41391,4),(12292,41392,4),(12293,41393,4),(12294,41394,4),(12295,41395,4),(12296,41396,4),(12297,41397,4),(12298,41398,4),(12299,41399,4),(12300,413100,4),(12301,4141,4),(12302,4142,4),(12303,4143,4),(12304,4144,4),(12305,4145,4),(12306,4146,4),(12307,4147,4),(12308,4148,4),(12309,4149,4),(12310,41410,4),(12311,41411,4),(12312,41412,4),(12313,41413,4),(12314,41414,4),(12315,41415,4),(12316,41416,4),(12317,41417,4),(12318,41418,4),(12319,41419,4),(12320,41420,4),(12321,41421,4),(12322,41422,4),(12323,41423,4),(12324,41424,4),(12325,41425,4),(12326,41426,4),(12327,41427,4),(12328,41428,4),(12329,41429,4),(12330,41430,4),(12331,41431,4),(12332,41432,4),(12333,41433,4),(12334,41434,4),(12335,41435,4),(12336,41436,4),(12337,41437,4),(12338,41438,4),(12339,41439,4),(12340,41440,4),(12341,41441,4),(12342,41442,4),(12343,41443,4),(12344,41444,4),(12345,41445,4),(12346,41446,4),(12347,41447,4),(12348,41448,4),(12349,41449,4),(12350,41450,4),(12351,41451,4),(12352,41452,4),(12353,41453,4),(12354,41454,4),(12355,41455,4),(12356,41456,4),(12357,41457,4),(12358,41458,4),(12359,41459,4),(12360,41460,4),(12361,41461,4),(12362,41462,4),(12363,41463,4),(12364,41464,4),(12365,41465,4),(12366,41466,4),(12367,41467,4),(12368,41468,4),(12369,41469,4),(12370,41470,4),(12371,41471,4),(12372,41472,4),(12373,41473,4),(12374,41474,4),(12375,41475,4),(12376,41476,4),(12377,41477,4),(12378,41478,4),(12379,41479,4),(12380,41480,4),(12381,41481,4),(12382,41482,4),(12383,41483,4),(12384,41484,4),(12385,41485,4),(12386,41486,4),(12387,41487,4),(12388,41488,4),(12389,41489,4),(12390,41490,4),(12391,41491,4),(12392,41492,4),(12393,41493,4),(12394,41494,4),(12395,41495,4),(12396,41496,4),(12397,41497,4),(12398,41498,4),(12399,41499,4),(12400,414100,4),(12401,4151,4),(12402,4152,4),(12403,4153,4),(12404,4154,4),(12405,4155,4),(12406,4156,4),(12407,4157,4),(12408,4158,4),(12409,4159,4),(12410,41510,4),(12411,41511,4),(12412,41512,4),(12413,41513,4),(12414,41514,4),(12415,41515,4),(12416,41516,4),(12417,41517,4),(12418,41518,4),(12419,41519,4),(12420,41520,4),(12421,41521,4),(12422,41522,4),(12423,41523,4),(12424,41524,4),(12425,41525,4),(12426,41526,4),(12427,41527,4),(12428,41528,4),(12429,41529,4),(12430,41530,4),(12431,41531,4),(12432,41532,4),(12433,41533,4),(12434,41534,4),(12435,41535,4),(12436,41536,4),(12437,41537,4),(12438,41538,4),(12439,41539,4),(12440,41540,4),(12441,41541,4),(12442,41542,4),(12443,41543,4),(12444,41544,4),(12445,41545,4),(12446,41546,4),(12447,41547,4),(12448,41548,4),(12449,41549,4),(12450,41550,4),(12451,41551,4),(12452,41552,4),(12453,41553,4),(12454,41554,4),(12455,41555,4),(12456,41556,4),(12457,41557,4),(12458,41558,4),(12459,41559,4),(12460,41560,4),(12461,41561,4),(12462,41562,4),(12463,41563,4),(12464,41564,4),(12465,41565,4),(12466,41566,4),(12467,41567,4),(12468,41568,4),(12469,41569,4),(12470,41570,4),(12471,41571,4),(12472,41572,4),(12473,41573,4),(12474,41574,4),(12475,41575,4),(12476,41576,4),(12477,41577,4),(12478,41578,4),(12479,41579,4),(12480,41580,4),(12481,41581,4),(12482,41582,4),(12483,41583,4),(12484,41584,4),(12485,41585,4),(12486,41586,4),(12487,41587,4),(12488,41588,4),(12489,41589,4),(12490,41590,4),(12491,41591,4),(12492,41592,4),(12493,41593,4),(12494,41594,4),(12495,41595,4),(12496,41596,4),(12497,41597,4),(12498,41598,4),(12499,41599,4),(12500,415100,4),(12501,111,1),(12502,112,1),(12503,113,1),(12504,114,1),(12505,115,1),(12506,116,1),(12507,117,1),(12508,118,1),(12509,119,1),(12510,1110,1),(12511,1111,1),(12512,1112,1),(12513,1113,1),(12514,1114,1),(12515,1115,1),(12516,1116,1),(12517,1117,1),(12518,1118,1),(12519,1119,1),(12520,1120,1),(12521,1121,1),(12522,1122,1),(12523,1123,1),(12524,1124,1),(12525,1125,1),(12526,1126,1),(12527,1127,1),(12528,1128,1),(12529,1129,1),(12530,1130,1),(12531,1131,1),(12532,1132,1),(12533,1133,1),(12534,1134,1),(12535,1135,1),(12536,1136,1),(12537,1137,1),(12538,1138,1),(12539,1139,1),(12540,1140,1),(12541,1141,1),(12542,1142,1),(12543,1143,1),(12544,1144,1),(12545,1145,1),(12546,1146,1),(12547,1147,1),(12548,1148,1),(12549,1149,1),(12550,1150,1),(12551,121,1),(12552,122,1),(12553,123,1),(12554,124,1),(12555,125,1),(12556,126,1),(12557,127,1),(12558,128,1),(12559,129,1),(12560,1210,1),(12561,1211,1),(12562,1212,1),(12563,1213,1),(12564,1214,1),(12565,1215,1),(12566,1216,1),(12567,1217,1),(12568,1218,1),(12569,1219,1),(12570,1220,1),(12571,1221,1),(12572,1222,1),(12573,1223,1),(12574,1224,1),(12575,1225,1),(12576,1226,1),(12577,1227,1),(12578,1228,1),(12579,1229,1),(12580,1230,1),(12581,1231,1),(12582,1232,1),(12583,1233,1),(12584,1234,1),(12585,1235,1),(12586,1236,1),(12587,1237,1),(12588,1238,1),(12589,1239,1),(12590,1240,1),(12591,1241,1),(12592,1242,1),(12593,1243,1),(12594,1244,1),(12595,1245,1),(12596,1246,1),(12597,1247,1),(12598,1248,1),(12599,1249,1),(12600,1250,1),(12601,131,1),(12602,132,1),(12603,133,1),(12604,134,1),(12605,135,1),(12606,136,1),(12607,137,1),(12608,138,1),(12609,139,1),(12610,1310,1),(12611,1311,1),(12612,1312,1),(12613,1313,1),(12614,1314,1),(12615,1315,1),(12616,1316,1),(12617,1317,1),(12618,1318,1),(12619,1319,1),(12620,1320,1),(12621,1321,1),(12622,1322,1),(12623,1323,1),(12624,1324,1),(12625,1325,1),(12626,1326,1),(12627,1327,1),(12628,1328,1),(12629,1329,1),(12630,1330,1),(12631,1331,1),(12632,1332,1),(12633,1333,1),(12634,1334,1),(12635,1335,1),(12636,1336,1),(12637,1337,1),(12638,1338,1),(12639,1339,1),(12640,1340,1),(12641,1341,1),(12642,1342,1),(12643,1343,1),(12644,1344,1),(12645,1345,1),(12646,1346,1),(12647,1347,1),(12648,1348,1),(12649,1349,1),(12650,1350,1),(12651,141,1),(12652,142,1),(12653,143,1),(12654,144,1),(12655,145,1),(12656,146,1),(12657,147,1),(12658,148,1),(12659,149,1),(12660,1410,1),(12661,1411,1),(12662,1412,1),(12663,1413,1),(12664,1414,1),(12665,1415,1),(12666,1416,1),(12667,1417,1),(12668,1418,1),(12669,1419,1),(12670,1420,1),(12671,1421,1),(12672,1422,1),(12673,1423,1),(12674,1424,1),(12675,1425,1),(12676,1426,1),(12677,1427,1),(12678,1428,1),(12679,1429,1),(12680,1430,1),(12681,1431,1),(12682,1432,1),(12683,1433,1),(12684,1434,1),(12685,1435,1),(12686,1436,1),(12687,1437,1),(12688,1438,1),(12689,1439,1),(12690,1440,1),(12691,1441,1),(12692,1442,1),(12693,1443,1),(12694,1444,1),(12695,1445,1),(12696,1446,1),(12697,1447,1),(12698,1448,1),(12699,1449,1),(12700,1450,1),(12701,151,1),(12702,152,1),(12703,153,1),(12704,154,1),(12705,155,1),(12706,156,1),(12707,157,1),(12708,158,1),(12709,159,1),(12710,1510,1),(12711,1511,1),(12712,1512,1),(12713,1513,1),(12714,1514,1),(12715,1515,1),(12716,1516,1),(12717,1517,1),(12718,1518,1),(12719,1519,1),(12720,1520,1),(12721,1521,1),(12722,1522,1),(12723,1523,1),(12724,1524,1),(12725,1525,1),(12726,1526,1),(12727,1527,1),(12728,1528,1),(12729,1529,1),(12730,1530,1),(12731,1531,1),(12732,1532,1),(12733,1533,1),(12734,1534,1),(12735,1535,1),(12736,1536,1),(12737,1537,1),(12738,1538,1),(12739,1539,1),(12740,1540,1),(12741,1541,1),(12742,1542,1),(12743,1543,1),(12744,1544,1),(12745,1545,1),(12746,1546,1),(12747,1547,1),(12748,1548,1),(12749,1549,1),(12750,1550,1),(12751,161,1),(12752,162,1),(12753,163,1),(12754,164,1),(12755,165,1),(12756,166,1),(12757,167,1),(12758,168,1),(12759,169,1),(12760,1610,1),(12761,1611,1),(12762,1612,1),(12763,1613,1),(12764,1614,1),(12765,1615,1),(12766,1616,1),(12767,1617,1),(12768,1618,1),(12769,1619,1),(12770,1620,1),(12771,1621,1),(12772,1622,1),(12773,1623,1),(12774,1624,1),(12775,1625,1),(12776,1626,1),(12777,1627,1),(12778,1628,1),(12779,1629,1),(12780,1630,1),(12781,1631,1),(12782,1632,1),(12783,1633,1),(12784,1634,1),(12785,1635,1),(12786,1636,1),(12787,1637,1),(12788,1638,1),(12789,1639,1),(12790,1640,1),(12791,1641,1),(12792,1642,1),(12793,1643,1),(12794,1644,1),(12795,1645,1),(12796,1646,1),(12797,1647,1),(12798,1648,1),(12799,1649,1),(12800,1650,1),(12801,171,1),(12802,172,1),(12803,173,1),(12804,174,1),(12805,175,1),(12806,176,1),(12807,177,1),(12808,178,1),(12809,179,1),(12810,1710,1),(12811,1711,1),(12812,1712,1),(12813,1713,1),(12814,1714,1),(12815,1715,1),(12816,1716,1),(12817,1717,1),(12818,1718,1),(12819,1719,1),(12820,1720,1),(12821,1721,1),(12822,1722,1),(12823,1723,1),(12824,1724,1),(12825,1725,1),(12826,1726,1),(12827,1727,1),(12828,1728,1),(12829,1729,1),(12830,1730,1),(12831,1731,1),(12832,1732,1),(12833,1733,1),(12834,1734,1),(12835,1735,1),(12836,1736,1),(12837,1737,1),(12838,1738,1),(12839,1739,1),(12840,1740,1),(12841,1741,1),(12842,1742,1),(12843,1743,1),(12844,1744,1),(12845,1745,1),(12846,1746,1),(12847,1747,1),(12848,1748,1),(12849,1749,1),(12850,1750,1),(12851,181,1),(12852,182,1),(12853,183,1),(12854,184,1),(12855,185,1),(12856,186,1),(12857,187,1),(12858,188,1),(12859,189,1),(12860,1810,1),(12861,1811,1),(12862,1812,1),(12863,1813,1),(12864,1814,1),(12865,1815,1),(12866,1816,1),(12867,1817,1),(12868,1818,1),(12869,1819,1),(12870,1820,1),(12871,1821,1),(12872,1822,1),(12873,1823,1),(12874,1824,1),(12875,1825,1),(12876,1826,1),(12877,1827,1),(12878,1828,1),(12879,1829,1),(12880,1830,1),(12881,1831,1),(12882,1832,1),(12883,1833,1),(12884,1834,1),(12885,1835,1),(12886,1836,1),(12887,1837,1),(12888,1838,1),(12889,1839,1),(12890,1840,1),(12891,1841,1),(12892,1842,1),(12893,1843,1),(12894,1844,1),(12895,1845,1),(12896,1846,1),(12897,1847,1),(12898,1848,1),(12899,1849,1),(12900,1850,1),(12901,191,1),(12902,192,1),(12903,193,1),(12904,194,1),(12905,195,1),(12906,196,1),(12907,197,1),(12908,198,1),(12909,199,1),(12910,1910,1),(12911,1911,1),(12912,1912,1),(12913,1913,1),(12914,1914,1),(12915,1915,1),(12916,1916,1),(12917,1917,1),(12918,1918,1),(12919,1919,1),(12920,1920,1),(12921,1921,1),(12922,1922,1),(12923,1923,1),(12924,1924,1),(12925,1925,1),(12926,1926,1),(12927,1927,1),(12928,1928,1),(12929,1929,1),(12930,1930,1),(12931,1931,1),(12932,1932,1),(12933,1933,1),(12934,1934,1),(12935,1935,1),(12936,1936,1),(12937,1937,1),(12938,1938,1),(12939,1939,1),(12940,1940,1),(12941,1941,1),(12942,1942,1),(12943,1943,1),(12944,1944,1),(12945,1945,1),(12946,1946,1),(12947,1947,1),(12948,1948,1),(12949,1949,1),(12950,1950,1),(12951,1101,1),(12952,1102,1),(12953,1103,1),(12954,1104,1),(12955,1105,1),(12956,1106,1),(12957,1107,1),(12958,1108,1),(12959,1109,1),(12960,11010,1),(12961,11011,1),(12962,11012,1),(12963,11013,1),(12964,11014,1),(12965,11015,1),(12966,11016,1),(12967,11017,1),(12968,11018,1),(12969,11019,1),(12970,11020,1),(12971,11021,1),(12972,11022,1),(12973,11023,1),(12974,11024,1),(12975,11025,1),(12976,11026,1),(12977,11027,1),(12978,11028,1),(12979,11029,1),(12980,11030,1),(12981,11031,1),(12982,11032,1),(12983,11033,1),(12984,11034,1),(12985,11035,1),(12986,11036,1),(12987,11037,1),(12988,11038,1),(12989,11039,1),(12990,11040,1),(12991,11041,1),(12992,11042,1),(12993,11043,1),(12994,11044,1),(12995,11045,1),(12996,11046,1),(12997,11047,1),(12998,11048,1),(12999,11049,1),(13000,11050,1),(13001,1111,1),(13002,1112,1),(13003,1113,1),(13004,1114,1),(13005,1115,1),(13006,1116,1),(13007,1117,1),(13008,1118,1),(13009,1119,1),(13010,11110,1),(13011,11111,1),(13012,11112,1),(13013,11113,1),(13014,11114,1),(13015,11115,1),(13016,11116,1),(13017,11117,1),(13018,11118,1),(13019,11119,1),(13020,11120,1),(13021,11121,1),(13022,11122,1),(13023,11123,1),(13024,11124,1),(13025,11125,1),(13026,11126,1),(13027,11127,1),(13028,11128,1),(13029,11129,1),(13030,11130,1),(13031,11131,1),(13032,11132,1),(13033,11133,1),(13034,11134,1),(13035,11135,1),(13036,11136,1),(13037,11137,1),(13038,11138,1),(13039,11139,1),(13040,11140,1),(13041,11141,1),(13042,11142,1),(13043,11143,1),(13044,11144,1),(13045,11145,1),(13046,11146,1),(13047,11147,1),(13048,11148,1),(13049,11149,1),(13050,11150,1),(13051,1121,1),(13052,1122,1),(13053,1123,1),(13054,1124,1),(13055,1125,1),(13056,1126,1),(13057,1127,1),(13058,1128,1),(13059,1129,1),(13060,11210,1),(13061,11211,1),(13062,11212,1),(13063,11213,1),(13064,11214,1),(13065,11215,1),(13066,11216,1),(13067,11217,1),(13068,11218,1),(13069,11219,1),(13070,11220,1),(13071,11221,1),(13072,11222,1),(13073,11223,1),(13074,11224,1),(13075,11225,1),(13076,11226,1),(13077,11227,1),(13078,11228,1),(13079,11229,1),(13080,11230,1),(13081,11231,1),(13082,11232,1),(13083,11233,1),(13084,11234,1),(13085,11235,1),(13086,11236,1),(13087,11237,1),(13088,11238,1),(13089,11239,1),(13090,11240,1),(13091,11241,1),(13092,11242,1),(13093,11243,1),(13094,11244,1),(13095,11245,1),(13096,11246,1),(13097,11247,1),(13098,11248,1),(13099,11249,1),(13100,11250,1),(13101,1131,1),(13102,1132,1),(13103,1133,1),(13104,1134,1),(13105,1135,1),(13106,1136,1),(13107,1137,1),(13108,1138,1),(13109,1139,1),(13110,11310,1),(13111,11311,1),(13112,11312,1),(13113,11313,1),(13114,11314,1),(13115,11315,1),(13116,11316,1),(13117,11317,1),(13118,11318,1),(13119,11319,1),(13120,11320,1),(13121,11321,1),(13122,11322,1),(13123,11323,1),(13124,11324,1),(13125,11325,1),(13126,11326,1),(13127,11327,1),(13128,11328,1),(13129,11329,1),(13130,11330,1),(13131,11331,1),(13132,11332,1),(13133,11333,1),(13134,11334,1),(13135,11335,1),(13136,11336,1),(13137,11337,1),(13138,11338,1),(13139,11339,1),(13140,11340,1),(13141,11341,1),(13142,11342,1),(13143,11343,1),(13144,11344,1),(13145,11345,1),(13146,11346,1),(13147,11347,1),(13148,11348,1),(13149,11349,1),(13150,11350,1),(13151,1141,1),(13152,1142,1),(13153,1143,1),(13154,1144,1),(13155,1145,1),(13156,1146,1),(13157,1147,1),(13158,1148,1),(13159,1149,1),(13160,11410,1),(13161,11411,1),(13162,11412,1),(13163,11413,1),(13164,11414,1),(13165,11415,1),(13166,11416,1),(13167,11417,1),(13168,11418,1),(13169,11419,1),(13170,11420,1),(13171,11421,1),(13172,11422,1),(13173,11423,1),(13174,11424,1),(13175,11425,1),(13176,11426,1),(13177,11427,1),(13178,11428,1),(13179,11429,1),(13180,11430,1),(13181,11431,1),(13182,11432,1),(13183,11433,1),(13184,11434,1),(13185,11435,1),(13186,11436,1),(13187,11437,1),(13188,11438,1),(13189,11439,1),(13190,11440,1),(13191,11441,1),(13192,11442,1),(13193,11443,1),(13194,11444,1),(13195,11445,1),(13196,11446,1),(13197,11447,1),(13198,11448,1),(13199,11449,1),(13200,11450,1),(13201,1151,1),(13202,1152,1),(13203,1153,1),(13204,1154,1),(13205,1155,1),(13206,1156,1),(13207,1157,1),(13208,1158,1),(13209,1159,1),(13210,11510,1),(13211,11511,1),(13212,11512,1),(13213,11513,1),(13214,11514,1),(13215,11515,1),(13216,11516,1),(13217,11517,1),(13218,11518,1),(13219,11519,1),(13220,11520,1),(13221,11521,1),(13222,11522,1),(13223,11523,1),(13224,11524,1),(13225,11525,1),(13226,11526,1),(13227,11527,1),(13228,11528,1),(13229,11529,1),(13230,11530,1),(13231,11531,1),(13232,11532,1),(13233,11533,1),(13234,11534,1),(13235,11535,1),(13236,11536,1),(13237,11537,1),(13238,11538,1),(13239,11539,1),(13240,11540,1),(13241,11541,1),(13242,11542,1),(13243,11543,1),(13244,11544,1),(13245,11545,1),(13246,11546,1),(13247,11547,1),(13248,11548,1),(13249,11549,1),(13250,11550,1),(13251,1161,1),(13252,1162,1),(13253,1163,1),(13254,1164,1),(13255,1165,1),(13256,1166,1),(13257,1167,1),(13258,1168,1),(13259,1169,1),(13260,11610,1),(13261,11611,1),(13262,11612,1),(13263,11613,1),(13264,11614,1),(13265,11615,1),(13266,11616,1),(13267,11617,1),(13268,11618,1),(13269,11619,1),(13270,11620,1),(13271,11621,1),(13272,11622,1),(13273,11623,1),(13274,11624,1),(13275,11625,1),(13276,11626,1),(13277,11627,1),(13278,11628,1),(13279,11629,1),(13280,11630,1),(13281,11631,1),(13282,11632,1),(13283,11633,1),(13284,11634,1),(13285,11635,1),(13286,11636,1),(13287,11637,1),(13288,11638,1),(13289,11639,1),(13290,11640,1),(13291,11641,1),(13292,11642,1),(13293,11643,1),(13294,11644,1),(13295,11645,1),(13296,11646,1),(13297,11647,1),(13298,11648,1),(13299,11649,1),(13300,11650,1),(13301,1171,1),(13302,1172,1),(13303,1173,1),(13304,1174,1),(13305,1175,1),(13306,1176,1),(13307,1177,1),(13308,1178,1),(13309,1179,1),(13310,11710,1),(13311,11711,1),(13312,11712,1),(13313,11713,1),(13314,11714,1),(13315,11715,1),(13316,11716,1),(13317,11717,1),(13318,11718,1),(13319,11719,1),(13320,11720,1),(13321,11721,1),(13322,11722,1),(13323,11723,1),(13324,11724,1),(13325,11725,1),(13326,11726,1),(13327,11727,1),(13328,11728,1),(13329,11729,1),(13330,11730,1),(13331,11731,1),(13332,11732,1),(13333,11733,1),(13334,11734,1),(13335,11735,1),(13336,11736,1),(13337,11737,1),(13338,11738,1),(13339,11739,1),(13340,11740,1),(13341,11741,1),(13342,11742,1),(13343,11743,1),(13344,11744,1),(13345,11745,1),(13346,11746,1),(13347,11747,1),(13348,11748,1),(13349,11749,1),(13350,11750,1),(13351,1181,1),(13352,1182,1),(13353,1183,1),(13354,1184,1),(13355,1185,1),(13356,1186,1),(13357,1187,1),(13358,1188,1),(13359,1189,1),(13360,11810,1),(13361,11811,1),(13362,11812,1),(13363,11813,1),(13364,11814,1),(13365,11815,1),(13366,11816,1),(13367,11817,1),(13368,11818,1),(13369,11819,1),(13370,11820,1),(13371,11821,1),(13372,11822,1),(13373,11823,1),(13374,11824,1),(13375,11825,1),(13376,11826,1),(13377,11827,1),(13378,11828,1),(13379,11829,1),(13380,11830,1),(13381,11831,1),(13382,11832,1),(13383,11833,1),(13384,11834,1),(13385,11835,1),(13386,11836,1),(13387,11837,1),(13388,11838,1),(13389,11839,1),(13390,11840,1),(13391,11841,1),(13392,11842,1),(13393,11843,1),(13394,11844,1),(13395,11845,1),(13396,11846,1),(13397,11847,1),(13398,11848,1),(13399,11849,1),(13400,11850,1),(13401,1191,1),(13402,1192,1),(13403,1193,1),(13404,1194,1),(13405,1195,1),(13406,1196,1),(13407,1197,1),(13408,1198,1),(13409,1199,1),(13410,11910,1),(13411,11911,1),(13412,11912,1),(13413,11913,1),(13414,11914,1),(13415,11915,1),(13416,11916,1),(13417,11917,1),(13418,11918,1),(13419,11919,1),(13420,11920,1),(13421,11921,1),(13422,11922,1),(13423,11923,1),(13424,11924,1),(13425,11925,1),(13426,11926,1),(13427,11927,1),(13428,11928,1),(13429,11929,1),(13430,11930,1),(13431,11931,1),(13432,11932,1),(13433,11933,1),(13434,11934,1),(13435,11935,1),(13436,11936,1),(13437,11937,1),(13438,11938,1),(13439,11939,1),(13440,11940,1),(13441,11941,1),(13442,11942,1),(13443,11943,1),(13444,11944,1),(13445,11945,1),(13446,11946,1),(13447,11947,1),(13448,11948,1),(13449,11949,1),(13450,11950,1),(13451,1201,1),(13452,1202,1),(13453,1203,1),(13454,1204,1),(13455,1205,1),(13456,1206,1),(13457,1207,1),(13458,1208,1),(13459,1209,1),(13460,12010,1),(13461,12011,1),(13462,12012,1),(13463,12013,1),(13464,12014,1),(13465,12015,1),(13466,12016,1),(13467,12017,1),(13468,12018,1),(13469,12019,1),(13470,12020,1),(13471,12021,1),(13472,12022,1),(13473,12023,1),(13474,12024,1),(13475,12025,1),(13476,12026,1),(13477,12027,1),(13478,12028,1),(13479,12029,1),(13480,12030,1),(13481,12031,1),(13482,12032,1),(13483,12033,1),(13484,12034,1),(13485,12035,1),(13486,12036,1),(13487,12037,1),(13488,12038,1),(13489,12039,1),(13490,12040,1),(13491,12041,1),(13492,12042,1),(13493,12043,1),(13494,12044,1),(13495,12045,1),(13496,12046,1),(13497,12047,1),(13498,12048,1),(13499,12049,1),(13500,12050,1),(13501,1211,1),(13502,1212,1),(13503,1213,1),(13504,1214,1),(13505,1215,1),(13506,1216,1),(13507,1217,1),(13508,1218,1),(13509,1219,1),(13510,12110,1),(13511,12111,1),(13512,12112,1),(13513,12113,1),(13514,12114,1),(13515,12115,1),(13516,12116,1),(13517,12117,1),(13518,12118,1),(13519,12119,1),(13520,12120,1),(13521,12121,1),(13522,12122,1),(13523,12123,1),(13524,12124,1),(13525,12125,1),(13526,12126,1),(13527,12127,1),(13528,12128,1),(13529,12129,1),(13530,12130,1),(13531,12131,1),(13532,12132,1),(13533,12133,1),(13534,12134,1),(13535,12135,1),(13536,12136,1),(13537,12137,1),(13538,12138,1),(13539,12139,1),(13540,12140,1),(13541,12141,1),(13542,12142,1),(13543,12143,1),(13544,12144,1),(13545,12145,1),(13546,12146,1),(13547,12147,1),(13548,12148,1),(13549,12149,1),(13550,12150,1),(13551,1221,1),(13552,1222,1),(13553,1223,1),(13554,1224,1),(13555,1225,1),(13556,1226,1),(13557,1227,1),(13558,1228,1),(13559,1229,1),(13560,12210,1),(13561,12211,1),(13562,12212,1),(13563,12213,1),(13564,12214,1),(13565,12215,1),(13566,12216,1),(13567,12217,1),(13568,12218,1),(13569,12219,1),(13570,12220,1),(13571,12221,1),(13572,12222,1),(13573,12223,1),(13574,12224,1),(13575,12225,1),(13576,12226,1),(13577,12227,1),(13578,12228,1),(13579,12229,1),(13580,12230,1),(13581,12231,1),(13582,12232,1),(13583,12233,1),(13584,12234,1),(13585,12235,1),(13586,12236,1),(13587,12237,1),(13588,12238,1),(13589,12239,1),(13590,12240,1),(13591,12241,1),(13592,12242,1),(13593,12243,1),(13594,12244,1),(13595,12245,1),(13596,12246,1),(13597,12247,1),(13598,12248,1),(13599,12249,1),(13600,12250,1),(13601,1231,1),(13602,1232,1),(13603,1233,1),(13604,1234,1),(13605,1235,1),(13606,1236,1),(13607,1237,1),(13608,1238,1),(13609,1239,1),(13610,12310,1),(13611,12311,1),(13612,12312,1),(13613,12313,1),(13614,12314,1),(13615,12315,1),(13616,12316,1),(13617,12317,1),(13618,12318,1),(13619,12319,1),(13620,12320,1),(13621,12321,1),(13622,12322,1),(13623,12323,1),(13624,12324,1),(13625,12325,1),(13626,12326,1),(13627,12327,1),(13628,12328,1),(13629,12329,1),(13630,12330,1),(13631,12331,1),(13632,12332,1),(13633,12333,1),(13634,12334,1),(13635,12335,1),(13636,12336,1),(13637,12337,1),(13638,12338,1),(13639,12339,1),(13640,12340,1),(13641,12341,1),(13642,12342,1),(13643,12343,1),(13644,12344,1),(13645,12345,1),(13646,12346,1),(13647,12347,1),(13648,12348,1),(13649,12349,1),(13650,12350,1),(13651,1241,1),(13652,1242,1),(13653,1243,1),(13654,1244,1),(13655,1245,1),(13656,1246,1),(13657,1247,1),(13658,1248,1),(13659,1249,1),(13660,12410,1),(13661,12411,1),(13662,12412,1),(13663,12413,1),(13664,12414,1),(13665,12415,1),(13666,12416,1),(13667,12417,1),(13668,12418,1),(13669,12419,1),(13670,12420,1),(13671,12421,1),(13672,12422,1),(13673,12423,1),(13674,12424,1),(13675,12425,1),(13676,12426,1),(13677,12427,1),(13678,12428,1),(13679,12429,1),(13680,12430,1),(13681,12431,1),(13682,12432,1),(13683,12433,1),(13684,12434,1),(13685,12435,1),(13686,12436,1),(13687,12437,1),(13688,12438,1),(13689,12439,1),(13690,12440,1),(13691,12441,1),(13692,12442,1),(13693,12443,1),(13694,12444,1),(13695,12445,1),(13696,12446,1),(13697,12447,1),(13698,12448,1),(13699,12449,1),(13700,12450,1),(13701,1251,1),(13702,1252,1),(13703,1253,1),(13704,1254,1),(13705,1255,1),(13706,1256,1),(13707,1257,1),(13708,1258,1),(13709,1259,1),(13710,12510,1),(13711,12511,1),(13712,12512,1),(13713,12513,1),(13714,12514,1),(13715,12515,1),(13716,12516,1),(13717,12517,1),(13718,12518,1),(13719,12519,1),(13720,12520,1),(13721,12521,1),(13722,12522,1),(13723,12523,1),(13724,12524,1),(13725,12525,1),(13726,12526,1),(13727,12527,1),(13728,12528,1),(13729,12529,1),(13730,12530,1),(13731,12531,1),(13732,12532,1),(13733,12533,1),(13734,12534,1),(13735,12535,1),(13736,12536,1),(13737,12537,1),(13738,12538,1),(13739,12539,1),(13740,12540,1),(13741,12541,1),(13742,12542,1),(13743,12543,1),(13744,12544,1),(13745,12545,1),(13746,12546,1),(13747,12547,1),(13748,12548,1),(13749,12549,1),(13750,12550,1);
/*!40000 ALTER TABLE `seat` ENABLE KEYS */;
UNLOCK TABLES;

--
-- Table structure for table `seathold`
--

DROP TABLE IF EXISTS `seathold`;
/*!40101 SET @saved_cs_client     = @@character_set_client */;
/*!40101 SET character_set_client = utf8 */;
CREATE TABLE `seathold` (
  `seatHoldId` int(11) NOT NULL AUTO_INCREMENT,
  `holdTime` date DEFAULT NULL,
  `customerId` int(11) DEFAULT NULL,
  PRIMARY KEY (`seatHoldId`),
  KEY `FK_80408e544aec4bfea2f74f51c0b` (`customerId`),
  CONSTRAINT `FK_80408e544aec4bfea2f74f51c0b` FOREIGN KEY (`customerId`) REFERENCES `customer` (`custId`)
) ENGINE=InnoDB AUTO_INCREMENT=96 DEFAULT CHARSET=utf8;
/*!40101 SET character_set_client = @saved_cs_client */;

--
-- Dumping data for table `seathold`
--

LOCK TABLES `seathold` WRITE;
/*!40000 ALTER TABLE `seathold` DISABLE KEYS */;
INSERT INTO `seathold` VALUES (85,'2016-07-15',1),(86,'2016-07-15',1),(87,'2016-07-15',1),(88,'2016-07-15',1),(89,'2016-07-15',1),(90,'2016-07-15',1),(91,'2016-07-15',1),(92,'2016-07-15',1),(93,'2016-07-15',1),(94,'2016-07-15',1),(95,'2016-07-15',1);
/*!40000 ALTER TABLE `seathold` ENABLE KEYS */;
UNLOCK TABLES;

--
-- Table structure for table `seathold_seat`
--

DROP TABLE IF EXISTS `seathold_seat`;
/*!40101 SET @saved_cs_client     = @@character_set_client */;
/*!40101 SET character_set_client = utf8 */;
CREATE TABLE `seathold_seat` (
  `seatHoldId` int(11) NOT NULL,
  `seatId` int(11) NOT NULL,
  UNIQUE KEY `UK_f4526f9299e2409591f9b52df6e` (`seatId`),
  UNIQUE KEY `UK_c0cecb7b196f42f080682e91526` (`seatId`),
  UNIQUE KEY `UK_0eede9a8c8ca49e7814ce6feae2` (`seatId`),
  UNIQUE KEY `UK_1849cf03bce74892abca2c1698a` (`seatId`),
  UNIQUE KEY `UK_1e090967569546879545decef72` (`seatId`),
  UNIQUE KEY `UK_6c65fb4aa5af42f6a28649e585f` (`seatId`),
  UNIQUE KEY `UK_3e90139d8a22434da9b279c4828` (`seatId`),
  UNIQUE KEY `UK_d419497b905249d297c5df1fd32` (`seatId`),
  UNIQUE KEY `UK_ef9011f3b0fc4e3890c1aeed599` (`seatId`),
  UNIQUE KEY `UK_09444e119c484396b36e42fb100` (`seatId`),
  UNIQUE KEY `UK_bf4c564660ba44ce8425b7f4fe4` (`seatId`),
  UNIQUE KEY `UK_22bbe0d071044277956d326fa65` (`seatId`),
  UNIQUE KEY `UK_67e4941d15b84339a3eb7882222` (`seatId`),
  UNIQUE KEY `UK_9f2e19afdebd4d23ae0fbf07656` (`seatId`),
  UNIQUE KEY `UK_d16df38c98c84fb4bcc53c28396` (`seatId`),
  UNIQUE KEY `UK_e019ffa5a8d94142a8462f67bb2` (`seatId`),
  UNIQUE KEY `UK_794be137c8b3408091d577834ad` (`seatId`),
  UNIQUE KEY `UK_1586ed91a66f480984a7065f89d` (`seatId`),
  UNIQUE KEY `UK_7111499b93564ed59c590abe3d6` (`seatId`),
  UNIQUE KEY `UK_5f15fd8b3e4e43a59761ee1c360` (`seatId`),
  UNIQUE KEY `UK_f4aed1c5f4b547548f275939478` (`seatId`),
  UNIQUE KEY `UK_7cc8acdff2ff493c8f53e101d45` (`seatId`),
  UNIQUE KEY `UK_6f2530c188134ee79151e198416` (`seatId`),
  UNIQUE KEY `UK_2e327cb7cad441e0b148cdbcb07` (`seatId`),
  UNIQUE KEY `UK_87d8311ecd994b0c8a1e8671fda` (`seatId`),
  UNIQUE KEY `UK_0b71e63c72d54f999d2bdebf37c` (`seatId`),
  UNIQUE KEY `UK_bc512978c9ef47ac9f4fc62c1af` (`seatId`),
  UNIQUE KEY `UK_7a0c6503a10d4eefa80f76b5110` (`seatId`),
  UNIQUE KEY `UK_94d28aea9f92418898630991b11` (`seatId`),
  UNIQUE KEY `UK_ca0eff2670cc4b0a9acadf3beac` (`seatId`),
  UNIQUE KEY `UK_832a592d1bd240f4bf99e937c5b` (`seatId`),
  UNIQUE KEY `UK_be5b77662c734e69aa20e1d17a3` (`seatId`),
  UNIQUE KEY `UK_34e2ca44917446888b693b5b04b` (`seatId`),
  UNIQUE KEY `UK_ce3a66968a5441239338ca2d146` (`seatId`),
  UNIQUE KEY `UK_685167acd312435b88d023fef79` (`seatId`),
  UNIQUE KEY `UK_278eb058670d4480b001faf0bdd` (`seatId`),
  UNIQUE KEY `UK_bc99f54a60b641ef866f6d937d2` (`seatId`),
  UNIQUE KEY `UK_709d1d3993b14fe5b41600ae69e` (`seatId`),
  UNIQUE KEY `UK_8a368755a34b42f0b88ee087278` (`seatId`),
  UNIQUE KEY `UK_ef99e39b1f834702a19ba4af15f` (`seatId`),
  UNIQUE KEY `UK_e7d6feaf166340cb9c97651c7d3` (`seatId`),
  UNIQUE KEY `UK_69468089f5204fee9542d2e4af8` (`seatId`),
  UNIQUE KEY `UK_77e32eacce214e49a0b940e6b7f` (`seatId`),
  UNIQUE KEY `UK_304f4b95176e465d8833fa37e26` (`seatId`),
  UNIQUE KEY `UK_992b5f21bb574734a8b363da323` (`seatId`),
  UNIQUE KEY `UK_6023ea5f6a8b4f2fb7965daad04` (`seatId`),
  UNIQUE KEY `UK_a7ec8199391447d6b06de827241` (`seatId`),
  UNIQUE KEY `UK_7f9e37e36cd14b5782adc500064` (`seatId`),
  UNIQUE KEY `UK_51f4248c611d44b486fd68ed5f6` (`seatId`),
  UNIQUE KEY `UK_d50113e42e444004bebcbb3c6de` (`seatId`),
  UNIQUE KEY `UK_461568df897b4bbfb4e5cbab4e7` (`seatId`),
  UNIQUE KEY `UK_b0358061efe648b1b167d704cb9` (`seatId`),
  UNIQUE KEY `UK_1d8805e35908419b9fd767dbff3` (`seatId`),
  UNIQUE KEY `UK_a8085952e0bb4d6998080e0fab4` (`seatId`),
  UNIQUE KEY `UK_9ccebf6656e44107bd7db0ebf8b` (`seatId`),
  UNIQUE KEY `UK_00ca88cc39ff4f20a653884dfe2` (`seatId`),
  UNIQUE KEY `UK_5ba9f7afffc24a518b5f2d9e7c9` (`seatId`),
  UNIQUE KEY `UK_3ef198443d664ac8968c1f2ccab` (`seatId`),
  UNIQUE KEY `UK_6f606b0587d4478d94937ffdc01` (`seatId`),
  UNIQUE KEY `UK_bae1de63d3304c428d060e346b7` (`seatId`),
  UNIQUE KEY `UK_221b8aa1ef764eec8228792ef2d` (`seatId`),
  UNIQUE KEY `UK_c2f3d52a20f84b329741e0a96a6` (`seatId`),
  KEY `FK_9db70d3af92a4cffa65f2775e7e` (`seatId`),
  KEY `FK_04b1af5eb3a84f09916fb7e429b` (`seatHoldId`),
  CONSTRAINT `FK_04b1af5eb3a84f09916fb7e429b` FOREIGN KEY (`seatHoldId`) REFERENCES `seathold` (`seatHoldId`),
  CONSTRAINT `FK_9db70d3af92a4cffa65f2775e7e` FOREIGN KEY (`seatId`) REFERENCES `seat` (`seatId`)
) ENGINE=InnoDB DEFAULT CHARSET=utf8;
/*!40101 SET character_set_client = @saved_cs_client */;

--
-- Dumping data for table `seathold_seat`
--

LOCK TABLES `seathold_seat` WRITE;
/*!40000 ALTER TABLE `seathold_seat` DISABLE KEYS */;
INSERT INTO `seathold_seat` VALUES (85,12501),(85,12502),(85,12503),(85,12504),(85,12505),(85,12506),(85,12507),(85,12508),(85,12509),(85,12551),(86,7501),(87,12552),(87,12553),(88,7502),(89,12554),(89,12555),(89,12556),(89,12557),(89,12558),(89,12559),(89,12601),(89,12602),(89,12603),(89,12604),(90,7503),(90,7504),(90,7505),(90,7506),(90,7507),(90,7508),(90,7509),(90,7601),(90,7602),(90,7603),(91,9501),(91,9502),(91,9503),(91,9504),(91,9505),(91,9506),(91,9507),(91,9508),(91,9509),(91,9510),(91,9511),(91,9512),(91,9513),(91,9514),(91,9515),(91,9516),(91,9517),(91,9518),(91,9519),(91,9520),(91,9521),(91,9522),(91,9523),(91,9524),(91,9525),(91,9526),(91,9527),(91,9528),(91,9529),(91,9530),(91,9531),(91,9532),(91,9533),(91,9534),(91,9535),(91,9536),(91,9537),(91,9538),(91,9539),(91,9540),(91,9541),(91,9542),(91,9543),(91,9544),(91,9545),(91,9546),(91,9547),(91,9548),(91,9549),(91,9550),(91,9551),(91,9552),(91,9553),(91,9554),(91,9555),(91,9556),(91,9557),(91,9558),(91,9559),(91,9560),(91,9561),(91,9562),(91,9563),(91,9564),(91,9565),(91,9566),(91,9567),(91,9568),(91,9569),(91,9570),(91,9571),(91,9572),(91,9573),(91,9574),(91,9575),(91,9576),(91,9577),(91,9578),(91,9579),(91,9580),(91,9581),(91,9582),(91,9583),(91,9584),(91,9585),(91,9586),(91,9587),(91,9588),(91,9589),(91,9590),(91,9591),(91,9592),(91,9593),(91,9594),(91,9595),(91,9596),(91,9597),(91,9598),(91,9599),(91,9601),(91,9602),(91,9603),(91,9604),(91,9605),(91,9606),(91,9607),(91,9608),(91,9609),(91,9610),(91,9611),(91,9612),(91,9613),(91,9614),(91,9615),(91,9616),(91,9617),(91,9618),(91,9619),(91,9620),(91,9621),(91,9622),(91,9623),(91,9624),(91,9625),(91,9626),(91,9627),(91,9628),(91,9629),(91,9630),(91,9631),(91,9632),(91,9633),(91,9634),(91,9635),(91,9636),(91,9637),(91,9638),(91,9639),(91,9640),(91,9641),(91,9642),(91,9643),(91,9644),(91,9645),(91,9646),(91,9647),(91,9648),(91,9649),(91,9650),(91,9651),(91,9652),(91,9653),(91,9654),(91,9655),(91,9656),(91,9657),(91,9658),(91,9659),(91,9660),(91,9661),(91,9662),(91,9663),(91,9664),(91,9665),(91,9666),(91,9667),(91,9668),(91,9669),(91,9670),(91,9671),(91,9672),(91,9673),(91,9674),(91,9675),(91,9676),(91,9677),(91,9678),(91,9679),(91,9680),(91,9681),(91,9682),(91,9683),(91,9684),(91,9685),(91,9686),(91,9687),(91,9688),(91,9689),(91,9690),(91,9691),(91,9692),(91,9693),(91,9694),(91,9695),(91,9696),(91,9697),(91,9698),(91,9699),(91,9701),(91,9702),(91,9703),(91,9704),(91,9705),(91,9706),(91,9707),(91,9708),(91,9709),(91,9710),(91,9711),(91,9712),(91,9713),(91,9714),(91,9715),(91,9716),(91,9717),(91,9718),(91,9719),(91,9720),(91,9721),(91,9722),(91,9723),(91,9724),(91,9725),(91,9726),(91,9727),(91,9728),(91,9729),(91,9730),(91,9731),(91,9732),(91,9733),(91,9734),(91,9735),(91,9736),(91,9737),(91,9738),(91,9739),(91,9740),(91,9741),(91,9742),(91,9743),(91,9744),(91,9745),(91,9746),(91,9747),(91,9748),(91,9749),(91,9750),(91,9751),(91,9752),(91,9753),(91,9754),(91,9755),(91,9756),(91,9757),(91,9758),(91,9759),(91,9760),(91,9761),(91,9762),(91,9763),(91,9764),(91,9765),(91,9766),(91,9767),(91,9768),(91,9769),(91,9770),(91,9771),(91,9772),(91,9773),(91,9774),(91,9775),(91,9776),(91,9777),(91,9778),(91,9779),(91,9780),(91,9781),(91,9782),(91,9783),(91,9784),(91,9785),(91,9786),(91,9787),(91,9788),(91,9789),(91,9790),(91,9791),(91,9792),(91,9793),(91,9794),(91,9795),(91,9796),(91,9797),(91,9798),(91,9799),(91,9801),(91,9802),(91,9803),(91,9804),(91,9805),(91,9806),(91,9807),(91,9808),(91,9809),(91,9810),(91,9811),(91,9812),(91,9813),(91,9814),(91,9815),(91,9816),(91,9817),(91,9818),(91,9819),(91,9820),(91,9821),(91,9822),(91,9823),(91,9824),(91,9825),(91,9826),(91,9827),(91,9828),(91,9829),(91,9830),(91,9831),(91,9832),(91,9833),(91,9834),(91,9835),(91,9836),(91,9837),(91,9838),(91,9839),(91,9840),(91,9841),(91,9842),(91,9843),(91,9844),(91,9845),(91,9846),(91,9847),(91,9848),(91,9849),(91,9850),(91,9851),(91,9852),(91,9853),(91,9854),(91,9855),(91,9856),(91,9857),(91,9858),(91,9859),(91,9860),(91,9861),(91,9862),(91,9863),(91,9864),(91,9865),(91,9866),(91,9867),(91,9868),(91,9869),(91,9870),(91,9871),(91,9872),(91,9873),(91,9874),(91,9875),(91,9876),(91,9877),(91,9878),(91,9879),(91,9880),(91,9881),(91,9882),(91,9883),(91,9884),(91,9885),(91,9886),(91,9887),(91,9888),(91,9889),(91,9890),(91,9891),(91,9892),(91,9893),(91,9894),(91,9895),(91,9896),(91,9897),(91,9898),(91,9899),(91,9901),(91,9902),(91,9903),(91,9904),(91,9905),(91,9906),(91,9907),(91,9908),(91,9909),(91,9910),(91,9911),(91,9912),(91,9913),(91,9914),(91,10001),(91,10002),(91,10003),(91,10004),(91,10005),(91,10006),(91,10007),(91,10008),(91,10009),(91,10101),(91,10102),(91,10103),(91,10104),(91,10105),(91,10106),(91,10107),(91,10108),(91,10109),(91,10201),(91,10202),(91,10203),(91,10204),(91,10205),(91,10206),(91,10207),(91,10208),(91,10209),(91,10301),(91,10302),(91,10303),(91,10304),(91,10305),(91,10306),(91,10307),(91,10308),(91,10309),(91,10401),(91,10402),(91,10403),(91,10404),(91,10405),(91,10406),(91,10407),(91,10408),(91,10409),(91,10501),(91,10502),(91,10503),(91,10504),(91,10505),(91,10506),(91,10507),(91,10508),(91,10509),(91,10601),(91,10602),(91,10603),(91,10604),(91,10605),(91,10606),(91,10607),(91,10608),(91,10609),(91,10701),(91,10702),(91,10703),(91,10704),(91,10705),(91,10706),(91,10707),(91,10708),(91,10709),(91,10801),(91,10802),(91,10803),(91,10804),(91,10805),(91,10806),(91,10807),(91,10808),(91,10809),(91,10901),(91,10902),(91,10903),(91,10904),(91,10905),(91,10906),(91,10907),(91,10908),(91,10909),(92,7510),(92,7511),(92,7512),(92,7513),(92,7514),(92,7515),(92,7516),(92,7517),(92,7518),(92,7519),(92,7520),(92,7521),(92,7522),(92,7523),(92,7524),(92,7525),(92,7526),(92,7527),(92,7528),(92,7529),(92,7530),(92,7531),(92,7532),(92,7533),(92,7534),(92,7535),(92,7536),(92,7537),(92,7538),(92,7539),(92,7540),(92,7541),(92,7542),(92,7543),(92,7544),(92,7545),(92,7546),(92,7547),(92,7548),(92,7549),(92,7550),(92,7551),(92,7552),(92,7553),(92,7554),(92,7555),(92,7556),(92,7557),(92,7558),(92,7559),(92,7560),(92,7561),(92,7562),(92,7563),(92,7564),(92,7565),(92,7566),(92,7567),(92,7568),(92,7569),(92,7570),(92,7571),(92,7572),(92,7573),(92,7574),(92,7575),(92,7576),(92,7577),(92,7578),(92,7579),(92,7580),(92,7581),(92,7582),(92,7583),(92,7584),(92,7585),(92,7586),(92,7587),(92,7588),(92,7589),(92,7590),(92,7591),(92,7592),(92,7593),(92,7594),(92,7595),(92,7596),(92,7597),(92,7598),(92,7599),(92,7604),(92,7605),(92,7606),(92,7607),(92,7608),(92,7609),(92,7610),(92,7611),(92,7612),(92,7613),(92,7614),(92,7615),(92,7616),(92,7617),(92,7618),(92,7619),(92,7620),(92,7621),(92,7622),(92,7623),(92,7624),(92,7625),(92,7626),(92,7627),(92,7628),(92,7629),(92,7630),(92,7631),(92,7632),(92,7633),(92,7634),(92,7635),(92,7636),(92,7637),(92,7638),(92,7639),(92,7640),(92,7641),(92,7642),(92,7643),(92,7644),(92,7645),(92,7646),(92,7647),(92,7648),(92,7649),(92,7650),(92,7651),(92,7652),(92,7653),(92,7654),(92,7655),(92,7656),(92,7657),(92,7658),(92,7659),(92,7660),(92,7661),(92,7662),(92,7663),(92,7664),(92,7665),(92,7666),(92,7667),(92,7668),(92,7669),(92,7670),(92,7671),(92,7672),(92,7673),(92,7674),(92,7675),(92,7676),(92,7677),(92,7678),(92,7679),(92,7680),(92,7681),(92,7682),(92,7683),(92,7684),(92,7685),(92,7686),(92,7687),(92,7688),(92,7689),(92,7690),(92,7691),(92,7692),(92,7693),(92,7694),(92,7695),(92,7696),(92,7697),(92,7698),(92,7699),(92,7701),(92,7702),(92,7703),(92,7704),(92,7705),(92,7706),(92,7707),(92,7708),(92,7709),(92,7710),(92,7711),(92,7712),(92,7713),(92,7714),(92,7715),(92,7716),(92,7717),(92,7718),(92,7719),(92,7720),(92,7721),(92,7722),(92,7723),(92,7724),(92,7725),(92,7726),(92,7727),(92,7728),(92,7729),(92,7730),(92,7731),(92,7732),(92,7733),(92,7734),(92,7735),(92,7736),(92,7737),(92,7738),(92,7739),(92,7740),(92,7741),(92,7742),(92,7743),(92,7744),(92,7745),(92,7746),(92,7747),(92,7748),(92,7749),(92,7750),(92,7751),(92,7752),(92,7753),(92,7754),(92,7755),(92,7756),(92,7757),(92,7758),(92,7759),(92,7760),(92,7761),(92,7762),(92,7763),(92,7764),(92,7765),(92,7766),(92,7767),(92,7768),(92,7769),(92,7770),(92,7771),(92,7772),(92,7773),(92,7774),(92,7775),(92,7776),(92,7777),(92,7778),(92,7779),(92,7780),(92,7781),(92,7782),(92,7783),(92,7784),(92,7785),(92,7786),(92,7787),(92,7788),(92,7789),(92,7790),(92,7791),(92,7792),(92,7793),(92,7794),(92,7795),(92,7796),(92,7797),(92,7798),(92,7799),(92,7801),(92,7802),(92,7803),(92,7804),(92,7805),(92,7806),(92,7807),(92,7808),(92,7809),(92,7810),(92,7811),(92,7812),(92,7813),(92,7814),(92,7815),(92,7816),(92,7817),(92,7818),(92,7819),(92,7820),(92,7821),(92,7822),(92,7823),(92,7824),(92,7825),(92,7826),(92,7827),(92,7828),(92,7829),(92,7830),(92,7831),(92,7832),(92,7833),(92,7834),(92,7835),(92,7836),(92,7837),(92,7838),(92,7839),(92,7840),(92,7841),(92,7842),(92,7843),(92,7844),(92,7845),(92,7846),(92,7847),(92,7848),(92,7849),(92,7850),(92,7851),(92,7852),(92,7853),(92,7854),(92,7855),(92,7856),(92,7857),(92,7858),(92,7859),(92,7860),(92,7861),(92,7862),(92,7863),(92,7864),(92,7865),(92,7866),(92,7867),(92,7868),(92,7869),(92,7870),(92,7871),(92,7901),(92,7902),(92,7903),(92,7904),(92,7905),(92,7906),(92,7907),(92,7908),(92,7909),(92,8001),(92,8002),(92,8003),(92,8004),(92,8005),(92,8006),(92,8007),(92,8008),(92,8009),(92,8101),(92,8102),(92,8103),(92,8104),(92,8105),(92,8106),(92,8107),(92,8108),(92,8109),(92,8201),(92,8202),(92,8203),(92,8204),(92,8205),(92,8206),(92,8207),(92,8208),(92,8209),(92,8301),(92,8302),(92,8303),(92,8304),(92,8305),(92,8306),(92,8307),(92,8308),(92,8309),(92,8401),(92,8402),(92,8403),(92,8404),(92,8405),(92,8406),(92,8407),(92,8408),(92,8409),(92,8501),(92,8502),(92,8503),(92,8504),(92,8505),(92,8506),(92,8507),(92,8508),(92,8509),(92,8601),(92,8602),(92,8603),(92,8604),(92,8605),(92,8606),(92,8607),(92,8608),(92,8609),(92,8701),(92,8702),(92,8703),(92,8704),(92,8705),(92,8706),(92,8707),(92,8708),(92,8709),(92,8801),(92,8802),(92,8803),(92,8804),(92,8805),(92,8806),(92,8807),(92,8808),(92,8809),(92,8901),(92,8902),(92,8903),(92,8904),(92,8905),(92,8906),(92,8907),(92,8908),(92,8909),(92,9001),(92,9002),(92,9003),(92,9004),(92,9005),(92,9006),(92,9007),(92,9008),(92,9009),(92,9101),(92,9102),(92,9103),(92,9104),(92,9105),(92,9106),(92,9107),(92,9108),(92,9109),(92,9201),(92,9202),(92,9203),(92,9204),(92,9205),(92,9206),(92,9207),(92,9208),(92,9209),(92,9301),(92,9302),(92,9303),(92,9304),(92,9305),(92,9306),(92,9307),(92,9308),(92,9309),(92,9401),(92,9402),(92,9403),(92,9404),(92,9405),(92,9406),(92,9407),(92,9408),(92,9409),(93,7872),(94,12605),(94,12606),(95,12607),(95,12608);
/*!40000 ALTER TABLE `seathold_seat` ENABLE KEYS */;
UNLOCK TABLES;

--
-- Table structure for table `seatreserve`
--

DROP TABLE IF EXISTS `seatreserve`;
/*!40101 SET @saved_cs_client     = @@character_set_client */;
/*!40101 SET character_set_client = utf8 */;
CREATE TABLE `seatreserve` (
  `seatReserveId` int(11) NOT NULL,
  `holdTime` date DEFAULT NULL,
  `numSeats` int(11) DEFAULT NULL,
  `reserveTime` date DEFAULT NULL,
  `reservationCode` varchar(255) DEFAULT NULL,
  `customerId` int(11) DEFAULT NULL,
  PRIMARY KEY (`seatReserveId`),
  KEY `FK_250d26464f9640d7bc3c5819e48` (`customerId`),
  CONSTRAINT `FK_250d26464f9640d7bc3c5819e48` FOREIGN KEY (`customerId`) REFERENCES `customer` (`custId`)
) ENGINE=InnoDB DEFAULT CHARSET=utf8;
/*!40101 SET character_set_client = @saved_cs_client */;

--
-- Dumping data for table `seatreserve`
--

LOCK TABLES `seatreserve` WRITE;
/*!40000 ALTER TABLE `seatreserve` DISABLE KEYS */;
INSERT INTO `seatreserve` VALUES (42,'2016-07-15',2,'2016-07-15','5875b547-42311',3),(64,'2016-07-15',10,'2016-07-15','00fcac3c-64328',1),(67,'2016-07-15',10,'2016-07-15','ffa2cce0-67331',1),(70,'2016-07-15',10,'2016-07-15','36d93917-70325',1),(73,'2016-07-15',10,'2016-07-15','4c0c071d-73328',1),(74,'2016-07-15',10,'2016-07-15','43dab532-74329',1),(86,'2016-07-15',1,'2016-07-15','2c908b6e-86332',1),(87,'2016-07-15',2,'2016-07-15','57fdf11e-87333',1),(88,'2016-07-15',1,'2016-07-15','742b2f2b-88334',1),(93,'2016-07-15',1,'2016-07-15','062ec087-93330',1),(94,'2016-07-15',2,'2016-07-15','28f9e6ea-94331',1),(95,'2016-07-15',2,'2016-07-15','8c991fb2-95332',1);
/*!40000 ALTER TABLE `seatreserve` ENABLE KEYS */;
UNLOCK TABLES;

--
-- Table structure for table `venue`
--

DROP TABLE IF EXISTS `venue`;
/*!40101 SET @saved_cs_client     = @@character_set_client */;
/*!40101 SET character_set_client = utf8 */;
CREATE TABLE `venue` (
  `venueId` int(11) NOT NULL AUTO_INCREMENT,
  `levelName` varchar(255) DEFAULT NULL,
  `price` float DEFAULT NULL,
  `rows` int(11) DEFAULT NULL,
  `seatsInRow` int(11) DEFAULT NULL,
  PRIMARY KEY (`venueId`)
) ENGINE=InnoDB AUTO_INCREMENT=6 DEFAULT CHARSET=utf8;
/*!40101 SET character_set_client = @saved_cs_client */;

--
-- Dumping data for table `venue`
--

LOCK TABLES `venue` WRITE;
/*!40000 ALTER TABLE `venue` DISABLE KEYS */;
INSERT INTO `venue` VALUES (1,'ORCHESTRA',100,25,50),(2,'MAIN',75,20,100),(3,'BALCONY1',50,15,100),(4,'BALCONY2',40,15,100);
/*!40000 ALTER TABLE `venue` ENABLE KEYS */;
UNLOCK TABLES;
/*!40103 SET TIME_ZONE=@OLD_TIME_ZONE */;

/*!40101 SET SQL_MODE=@OLD_SQL_MODE */;
/*!40014 SET FOREIGN_KEY_CHECKS=@OLD_FOREIGN_KEY_CHECKS */;
/*!40014 SET UNIQUE_CHECKS=@OLD_UNIQUE_CHECKS */;
/*!40101 SET CHARACTER_SET_CLIENT=@OLD_CHARACTER_SET_CLIENT */;
/*!40101 SET CHARACTER_SET_RESULTS=@OLD_CHARACTER_SET_RESULTS */;
/*!40101 SET COLLATION_CONNECTION=@OLD_COLLATION_CONNECTION */;
/*!40111 SET SQL_NOTES=@OLD_SQL_NOTES */;

-- Dump completed on 2016-07-15 23:43:02
